,,S. typhi aa,,,,,,,,,,,,,,,,,,
,,Ala,Arg,Asn,Asp,Cys,Gln,Glu,Gly,His,Leu/Ile,Lys,Met,Phe,Pro,Ser,Thr,Trp,Tyr,Val
E. coli aa,Ala,,,0.298969072,0.266055046,0.181818182,0.418300654,0.416943522,0.347648262,,0.548387097,0,0.372881356,0.4375,0.64479638,0.543594903,0.486550633,,,0.28440367
,Arg,0.2,,0,0.305555556,,0.206896552,,,0.545454545,0.035714286,0.107843137,0.515151515,,0.6,0.123595506,0.423728814,0,,
,Asn,0.318518519,0,,0,,0.538461538,0.602209945,0.30212766,0.427947598,,,,,,0.450431034,0.578231293,,0,
,Asp,0.212598425,,0,,,0.435483871,0.400858369,0.174603175,0.333333333,0.744680851,,,0.344827586,,0.37037037,0.807017544,,,0.285714286
,Cys,0,0,,,,,,0,,,,,,,0,0,,,0
,Gln,0.296703297,,0.083333333,0.527027027,,,0,0.487179487,0.408450704,0.434343434,0,,0.230769231,0.315315315,0.126984127,0.47107438,0.5,,0.615384615
,Glu,0.394048693,,0.160714286,0.479423868,0.25,0,,0.51369863,0,0,0,,,0.3,0.515873016,0.58974359,,,0
,Gly,0.38961039,,0.297709924,0.461538462,,0.282157676,0.530805687,,,,,,,,0.476,0.238095238,,,
,His,0,,0.289340102,,0.3,0.61341853,0,0.555555556,,0.444444444,,1,,,0.628571429,0.666666667,,0.52892562,
,Leu/Ile,0.3,,0,,0,0.266666667,,,0.480620155,,0,0.497326203,0,0.5625,0.685534591,0.5,,,0.403976502
,Lys,0.866666667,0,0.290743155,,,0,0,0,0.637681159,0.269230769,,0,0.083333333,0.607142857,0.042553191,0.401459854,,,0
,Met,0.373134328,,,,,0.410958904,,,,0.154103853,,,,,0,0,,,0.332191781
,Phe,0.625,,,,,,,,0.382352941,0.217948718,,,,,,,,0.41981982,0.166666667
,Pro,0.433766234,,0.466666667,0.296296296,,0.676470588,,0,,0.324324324,0,,,,0.281690141,0.6,,,0
,Ser,0.507627564,0.526315789,0.432166302,0.565714286,0.53125,0.356321839,0.230769231,0,0.285714286,,0,0,0.142857143,0.440944882,,0.446969697,,0.0625,0.072463768
,Thr,0,,0.42406015,0.326923077,0.866666667,0.5625,0.416666667,0.123076923,,0.327044025,0.757575758,0.264367816,,0.561797753,0.487756453,,,,0.522633745
,Trp,,,,,,,,,,,,,,,,,,0.433962264,
,Tyr,0.86,,0,0.083333333,0.125,,,0.75,0.482758621,,,,0.47027027,,0.071428571,,0.382352941,,
,Val,0.156954887,,0.247524752,0.837837838,,0.285714286,0,0.375,,0.429853181,,0.292307692,0.2,0,0.795454545,0,,,
