,Loss of Cutsite,Gain of Cutsite
"$\itS. typhimurium$
 Peptide",0.2463768115942029,0.1666666666666666
"$\itE. coli$
 Peptide",0.2748217224355458,0.1105263157894736
