Sub Position,Discovered
0,0.495869719
1,0.124011858
2,0.314278823
3,0.376745306
4,0.473813421
5,0.443075999
6,0.464087217
7,0.484319736
8,0.440071556
9,0.494909945
10,0.351439435
11,0.455928979
12,0.380016722
13,0.332177932
14,0.294117647
15,0.24070632
16,0.268888889
17,0.373699149
18,0.149068323
19,0.34741784
20,0.242268041
21,0.129496403
22,0.057553957
23,0.183673469
24,0.081632653
25,0.128571429
26,0.161111111
27,0
28,0.6
29,0.090163934
31,0
32,0.042553191
39,0
44,0
