GenBank ID,UniProt ID
DAA08345.1,P00924
DAA06866.1,P00925
DAA08747.1,P00360
DAA11734.1,P25694
DAA11885.1,P15180
DAA09815.1,P81450
DAA10741.1,Q08208
DAA07442.1,P17967
DAA08029.1,P05737
DAA11011.1,Q08647
DAA10013.1,P38011
DAA07986.1,P25443
DAA11730.1,P10622
DAA07490.1,P00560
DAA10038.1,P40212
DAA07712.1,P00498
DAA07049.1,P0CX39
DAA07874.1,P46655
DAA06686.1,P38754
DAA11082.1,P30624
DAA08719.1,P06105
DAA11134.1,P07262
DAA06927.1,P39708
DAA07752.1,P05694
DAA08985.1,P07149
DAA07672.1,P52871
DAA09572.1,P19882
DAA12004.1,P30619
DAA10373.1,P05750
DAA06948.1,P00549
DAA10316.2,P33338
DAA10976.1,P06634
DAA08257.1,P39935
DAA09007.2,P32454
DAA10973.1,P38934
DAA10783.1,Q12149
DAA08369.1,P53049
DAA10048.1,Q03790
DAA11302.1,P26321
DAA07269.1,P20434
DAA09011.1,P00950
DAA08090.1,P05030
DAA06801.1,P32468
DAA10699.1,P00330
DAA11897.1,P00942
DAA09461.1,P39015
DAA07191.1,P15992
DAA10476.1,P26785
DAA11461.2,P32288
DAA09278.1,P29453
DAA08420.1,P26784
DAA11577.1,P06738
DAA06757.1,P38788
DAA10084.1,P15108
DAA10873.1,P26786
DAA10907.1,P32324
DAA11597.1,P15303
DAA11108.1,P52489
DAA09680.1,P32915
DAA08373.1,P32527
DAA10557.1,Q00955
DAA11205.1,P19097
DAA07714.1,P87262
DAA09054.1,P14742
DAA09721.1,Q06698
DAA07626.1,P39990
DAA09351.1,Q07979
DAA08924.1,P31116
DAA10039.1,P0CX51
DAA08331.1,P16861
DAA10104.1,P16862
DAA09294.1,P31539
DAA06875.1,P38720
DAA09644.1,P05317
DAA10832.1,Q08421
DAA10128.1,Q05022
DAA09872.1,P0CX56
DAA12401.1,P60010
DAA10259.1,P0CX50
DAA07152.1,P10664
DAA07147.1,P38219
DAA07975.1,P0CX44
DAA12016.1,Q03973
DAA10771.1,Q12692
DAA12067.1,P04911
DAA11821.2,Q12389
DAA08089.1,P07264
DAA10842.1,P14126
DAA07198.1,P38249
DAA12464.1,P43603
DAA10864.1,Q12466
DAA09689.1,P41057
DAA10679.1,Q12273
DAA11562.1,Q12207
DAA10041.1,P40215
DAA09563.1,P16521
DAA11075.1,Q12499
DAA06697.1,P00447
DAA08208.1,P23615
DAA07909.1,P32558
DAA09289.1,Q07834
DAA07827.1,P04147
DAA10254.1,P21965
DAA10543.1,P00890
DAA09516.1,Q12460
DAA10743.1,P05319
DAA12033.1,Q03940
DAA08671.2,P07259
DAA08662.1,P10081
DAA11339.1,P21825
DAA12138.1,Q06631
DAA11064.1,O14467
DAA08250.1,P27476
DAA09970.1,Q02486
DAA11668.2,P38968
DAA07678.1,P32481
DAA08734.1,P22353
DAA09420.1,Q08045
DAA09495.1,P33322
DAA08210.1,P0CX29
DAA09101.1,P35691
DAA09008.1,P35997
DAA10489.1,P04840
DAA08131.1,P53221
DAA11728.1,Q12122
DAA09571.1,P27472
DAA10868.1,Q12000
DAA07031.1,P38061
DAA09338.1,Q07950
DAA08832.1,P0CS90
DAA11197.1,P02829
DAA09748.1,P05739
DAA09511.1,Q05775
DAA07093.1,P0CX83
DAA09274.1,Q03048
DAA09505.1,Q06287
DAA09302.1,P04802
DAA11057.1,Q08745
DAA09700.1,P35817
DAA11475.1,P11632
DAA11804.1,P33333
DAA12287.1,Q04119
DAA11835.1,P15646
DAA12346.1,Q12034
DAA07058.1,P34226
DAA11677.1,P17255
DAA10370.1,P53877
DAA12058.1,Q12449
DAA11369.1,P54115
DAA07310.1,P12709
DAA11545.1,Q06505
DAA09825.1,Q03640
DAA09773.1,P54839
DAA10979.1,P22276
DAA11354.1,P05626
DAA07733.1,P0CX31
DAA10320.1,Q01532
DAA11382.1,P29547
DAA07120.1,P02294
DAA08673.2,P08018
DAA09114.1,P36094
DAA11938.1,Q03195
DAA08863.1,P23641
DAA08432.1,P40474
DAA09990.1,Q04305
DAA07795.1,P39958
DAA11979.1,P39109
DAA12224.1,Q12159
DAA07225.1,P38264
DAA09742.1,P33442
DAA11424.1,Q12230
DAA08179.1,P53252
DAA11877.1,Q12117
DAA08069.1,P14120
DAA08529.1,P40548
DAA06989.1,P22336
DAA09659.1,P06168
DAA08908.1,P26783
DAA07173.1,P38079
DAA11201.1,Q12464
DAA08073.1,P00931
DAA07305.1,Q02753
DAA08717.1,P47031
DAA11237.1,Q12213
DAA10210.1,P32497
DAA08068.1,P04449
DAA09362.1,P06169
DAA10830.1,Q02792
DAA06783.1,P38804
DAA09633.1,P49167
DAA11637.1,P11484
DAA06982.1,P10591
DAA08444.1,P40482
DAA12425.1,P22943
DAA11940.1,Q12675
DAA10142.1,P0CX23
DAA09658.1,P15019
DAA09345.1,P23542
DAA08178.1,Q3E757
DAA10191.1,Q03532
DAA12164.1,Q06678
DAA07826.1,P32657
DAA08527.1,P0CX46
DAA11787.1,Q07451
DAA11328.1,Q02875
DAA11558.1,P49089
DAA06983.1,P32471
DAA08063.1,P53184
DAA10150.1,Q04792
DAA11462.1,P41807
DAA11791.1,P21954
DAA07697.1,P39954
DAA11681.1,P01097
DAA11718.1,P04050
DAA10457.1,P06786
DAA07840.1,P29311
DAA11995.1,Q03769
DAA07642.1,P32775
DAA07080.1,P28274
DAA07398.1,P38353
DAA09392.1,P41805
DAA08325.1,P39676
DAA06976.1,P31373
DAA07046.1,P09436
DAA07026.2,P07251
DAA09376.1,P37291
DAA07244.1,P16140
DAA11096.1,P40825
DAA07132.1,P00817
DAA07600.1,P0CX53
DAA09296.1,P10592
DAA08285.1,P00359
DAA10576.1,Q3E841
DAA10657.1,P04456
DAA07841.1,P16387
DAA09218.1,P36148
DAA11372.1,Q02785
DAA08135.1,P31787
DAA06952.1,P39730
DAA06901.1,P38891
DAA08798.1,P20459
DAA09709.1,Q06078
DAA09612.1,P06106
DAA11713.1,P53622
DAA09649.1,P05743
DAA06745.1,P38779
DAA08221.1,P53276
DAA06806.1,P38716
DAA11946.1,P34730
DAA06834.1,P0CX28
DAA09692.1,O13547
DAA12181.1,Q05498
DAA07168.1,P0CX48
DAA11306.1,P53551
DAA12395.1,P07283
DAA09195.1,P36136
DAA08617.1,P0C0W1
DAA10482.1,P25491
DAA08297.1,P07245
DAA07208.1,P38251
DAA07314.1,P38129
DAA10809.1,P15705
DAA11039.1,Q12256
DAA07047.1,P09435
DAA11910.1,P05756
DAA11920.1,P31688
DAA08264.1,Q3E772
DAA09910.1,Q03690
DAA09157.1,P21576
DAA09683.1,P11325
DAA11296.1,Q03012
DAA08150.1,P53235
DAA09076.1,P36008
DAA08228.1,P23638
DAA11327.1,P32589
DAA11409.1,Q02725
DAA11801.1,P41940
DAA09335.1,Q07938
DAA11600.1,Q06625
DAA10536.1,P25294
DAA07447.1,P25567
DAA08870.1,P47131
DAA06802.1,P38817
DAA08765.1,P16474
DAA09558.1,Q01662
DAA09842.1,P50094
DAA12185.1,P32466
DAA09281.1,P21801
DAA12184.1,P39003
DAA09978.1,P30771
DAA06760.1,P38790
DAA08055.1,P53179
DAA07487.1,P25343
DAA09310.1,P32892
DAA07361.1,P38144
DAA08429.1,P40471
DAA11599.1,P14020
DAA10318.1,P11412
DAA11340.1,Q02892
DAA09980.1,P07246
DAA09733.1,P50095
DAA08650.1,P11986
DAA11815.1,P12945
DAA09823.1,P38911
DAA07880.1,P33307
DAA09646.1,P38631
DAA07275.1,P00546
DAA12036.1,P15424
DAA07087.1,P38199
DAA07926.1,P39938
DAA11984.1,Q03921
DAA12334.1,P19358
DAA07236.1,P02994
DAA11643.1,Q07651
DAA10359.1,P40169
DAA11553.1,Q06508
DAA07130.1,P02309
DAA10528.1,P32588
DAA06885.1,P38879
DAA08616.1,P39516
DAA07584.1,P39976
DAA08800.1,P00358
DAA07656.1,P40010
DAA08448.1,P40485
DAA11607.1,P07257
DAA09058.1,P34247
DAA07201.1,P15731
DAA11036.1,P32563
DAA10594.1,P53742
DAA07406.1,P38152
DAA07077.1,P23724
DAA10725.2,P22768
DAA11763.1,Q12377
DAA06896.1,P0CX36
DAA09922.1,P36516
DAA12273.1,P33329
DAA11199.1,P09064
DAA11052.1,Q12404
DAA12496.1,P04806
DAA07940.1,P22147
DAA10821.1,P32480
DAA06762.1,P38792
DAA07288.1,P32909
DAA07652.1,P40007
DAA10258.1,P07281
DAA09525.1,Q04491
DAA12195.1,P32380
DAA07239.2,P38088
DAA09027.1,P36000
DAA08726.1,P40358
DAA09870.1,P34760
DAA09097.1,P14540
DAA06882.1,P29704
DAA06793.1,P38811
DAA09909.1,P23585
DAA09383.1,Q12133
DAA06914.1,P38693
DAA06652.1,P17076
DAA11844.1,Q12165
DAA11089.1,P19524
DAA10253.1,P42846
DAA12403.1,P02557
DAA12204.1,Q06344
DAA07365.1,P32449
DAA12001.1,Q03771
DAA11494.1,P23254
DAA11221.1,P21560
DAA09824.1,Q02326
DAA08308.1,P32905
DAA08052.1,P39936
DAA07500.1,P25619
DAA07037.1,P0CX41
DAA08315.1,P10834
DAA07454.1,P00815
DAA11580.1,P34167
DAA09537.1,Q05942
DAA11289.1,Q12080
DAA08358.1,P40340
DAA08121.1,Q3E792
DAA09489.1,P05759
DAA11401.1,P41338
DAA09120.1,P32861
DAA08724.1,P47035
DAA07337.1,P32473
DAA11187.1,O14455
DAA07131.1,P61830
DAA11210.1,Q08972
DAA10450.1,P48164
DAA09882.1,P26570
DAA11364.1,Q02754
DAA08758.1,P43638
DAA10997.1,Q12276
DAA10460.1,P40850
DAA11660.1,Q12443
DAA06716.1,P17423
DAA06651.1,P10080
DAA10950.1,P28006
DAA09094.1,P35725
DAA06671.1,P38701
DAA11700.1,P39517
DAA08027.1,P20447
DAA10959.1,P02992
DAA12329.1,P30605
DAA07631.1,P03962
DAA11265.1,Q99257
DAA08783.1,P47077
DAA06951.1,P39729
DAA07866.1,P04807
DAA10416.1,P53914
DAA11322.1,P00812
DAA06695.1,P10614
DAA09320.1,Q07896
DAA11606.1,P32349
DAA07463.1,P25384
DAA12270.1,Q01560
DAA10909.1,P28241
DAA08034.1,P53163
DAA08033.1,P27999
DAA10707.2,Q08235
DAA08523.1,Q01852
DAA09535.1,Q05812
DAA11672.1,P0CX85
DAA08859.1,P05375
DAA10777.1,P04786
DAA11656.1,P32495
DAA08360.1,Q3E705
DAA06839.1,P38845
DAA10919.1,Q99216
DAA08004.1,P02406
DAA08987.1,P05740
DAA07444.1,P17709
DAA08906.1,P00830
DAA09425.1,P38013
DAA11823.1,P32381
DAA12441.1,P43586
DAA08190.1,P48361
DAA08187.1,P07806
DAA09417.1,Q12452
DAA09661.1,Q06488
DAA07875.1,P53064
DAA09834.1,P23248
DAA10017.1,P38009
DAA10541.1,P40693
DAA07913.1,P53090
DAA12187.1,P10662
DAA10005.1,P07342
DAA07203.1,P09440
DAA09042.1,P28707
DAA08585.1,P40582
DAA06721.1,Q00772
DAA08303.1,P22803
DAA10414.1,P53912
DAA08784.1,P47079
DAA08828.1,P47108
DAA09079.1,P36009
DAA09605.1,P32835
DAA11754.1,P07269
DAA09799.1,P38427
DAA11412.1,P09547
DAA08428.1,P20967
DAA10331.1,P53865
DAA09022.1,P34163
DAA10430.1,P53550
DAA08513.1,P15790
DAA12323.1,Q03407
DAA09458.1,P43321
DAA07963.1,P05738
DAA09613.1,P19414
DAA09111.1,P36091
DAA06848.1,P38851
DAA07665.1,P40012
DAA06972.1,P31383
DAA11760.1,Q12154
DAA11775.1,Q07478
DAA07116.1,Q12490
DAA10641.1,Q08287
DAA07682.1,P40018
DAA11397.1,Q03088
DAA12308.1,Q03361
DAA11219.1,Q08965
DAA08653.1,P47006
DAA12142.1,Q06639
DAA08223.1,P53278
DAA11316.1,Q02950
DAA09932.1,Q05123
DAA10993.1,Q99297
DAA12402.1,P01123
DAA07910.1,P22137
DAA12484.1,P43613
DAA11578.1,P23293
DAA09881.1,P50109
DAA07199.1,P18759
DAA11211.1,Q08971
DAA06872.1,Q03558
DAA06756.1,P38787
DAA09165.1,Q02207
DAA07235.1,P33315
DAA10306.1,P53851
DAA07259.1,P12385
DAA07243.1,Q00764
DAA09379.1,P05749
DAA07530.1,P16120
DAA11790.1,P07255
DAA12167.1,Q06679
DAA06789.1,P32465
DAA08399.1,P32351
DAA07295.1,P0CX38
DAA12183.1,P39004
DAA07179.1,P38080
DAA07751.1,P00899
DAA09347.1,P05748
DAA10286.1,P53839
DAA12257.1,Q04048
DAA07089.1,P18239
DAA09090.1,P36010
DAA12182.1,Q05506
DAA09040.1,P32332
DAA12424.1,P35191
DAA11128.1,P48589
DAA08929.1,P32787
DAA08416.1,P16547
DAA10255.1,P42847
DAA10380.1,P53889
DAA11996.1,P14832
DAA11540.1,Q06494
DAA08689.1,P42943
DAA09996.1,Q03161
DAA10941.1,Q3E7X9
DAA07742.1,P40054
DAA07812.1,Q01477
DAA10336.1,P80210
DAA12223.1,Q06408
DAA09711.1,P0C2J3
DAA11020.1,Q08689
DAA08183.1,P53254
DAA12078.1,P36519
DAA06755.1,P38786
DAA09504.1,P49166
DAA10376.2,P53883
DAA11857.1,P32568
DAA06758.1,P38712
DAA07306.1,P38127
DAA11883.1,P14843
DAA11690.1,Q12680
DAA11784.1,P0C2H8
DAA07816.1,P39960
DAA08636.1,P08524
DAA11358.1,P40328
DAA09827.1,P54838
DAA08772.1,P09938
DAA10742.1,Q01855
DAA12421.1,P09624
DAA10878.1,P01119
DAA12430.1,P43582
DAA10439.1,P53930
DAA11662.1,P36521
DAA10395.1,P23292
DAA11458.1,Q12038
DAA08584.1,P40581
DAA12013.1,Q12329
DAA10172.1,Q03529
DAA08889.1,P00445
DAA10447.1,P01120
DAA07793.1,P32598
DAA09498.1,P14306
DAA09013.1,P36060
DAA12268.1,Q04067
DAA09983.1,Q04279
DAA06664.1,P23180
DAA10840.1,P19454
DAA07456.1,P25367
DAA07594.1,P09232
DAA10053.1,Q03799
DAA06957.1,P39732
DAA11059.1,Q08746
DAA06788.2,P32467
DAA10708.1,Q12387
DAA07956.1,P22855
DAA12014.1,P05453
DAA12238.1,P33298
DAA11736.1,Q07551
DAA07428.1,Q96VH5
DAA08472.1,P04801
DAA08847.1,P17106
DAA08273.1,P53297
DAA08510.1,P06102
DAA07304.1,P05755
DAA07118.1,P35194
DAA12133.1,Q05567
DAA06708.1,P38707
DAA07804.1,P40087
DAA08286.1,P16451
DAA11274.1,P26637
DAA11133.1,P46367
DAA08922.1,P47169
DAA11419.1,Q12532
DAA12419.1,P43574
DAA07955.1,P53111
DAA08738.1,P47039
DAA07640.1,P39968
DAA09400.1,Q12465
DAA07524.1,P25626
DAA07557.1,P15891
DAA10311.1,Q01080
DAA07148.1,P38071
DAA07658.1,P89886
DAA06759.1,P38789
DAA11292.1,P05744
DAA11004.1,P41056
DAA09231.1,P36160
DAA08359.2,P53327
DAA08505.1,P38626
DAA09812.1,P09733
DAA08894.1,P03965
DAA10485.1,P40991
DAA08644.1,P32478
DAA09346.1,P54113
DAA11174.1,P08417
DAA07509.1,P25623
DAA12150.1,P32776
DAA09321.1,Q07897
DAA11307.1,Q02931
DAA07562.1,P25655
DAA10001.1,P37012
sp|P62937|PPIA_HUMAN,P62841
DAA07705.1,P40032
DAA12266.1,Q04062
DAA09199.1,P25293
DAA06830.1,P38840
DAA08810.1,P41903
DAA11349.1,P48582
DAA09769.1,Q03103
DAA11841.1,P40327
DAA06731.1,P48836
DAA09219.1,P36149
DAA10144.1,P20107
DAA11671.1,P11076
DAA09142.1,P34241
DAA11323.1,Q02979
DAA12246.1,P34087
DAA07426.1,P25586
DAA11825.1,Q07349
DAA09838.1,Q04958
DAA11517.1,P30656
DAA11781.1,P32419
DAA07124.1,P18900
DAA08371.1,P53336
DAA07316.1,P29366
DAA07689.1,P40024
DAA08275.1,P49723
DAA11848.1,P32356
DAA12301.1,Q03306
DAA08427.1,P32597
DAA06888.1,P38882
DAA12480.1,P43609
DAA07746.1,P00927
DAA08779.1,P39077
DAA11988.1,Q03761
DAA07993.1,P12904
DAA09035.1,P12688
DAA06785.1,P28007
DAA10441.1,P06208
DAA11723.1,Q12434
DAA07809.1,P13393
DAA08507.1,P40531
DAA08730.1,P40362
DAA07726.1,P40043
DAA09638.1,Q12114
DAA10501.1,P53633
DAA08781.1,P47075
DAA08046.2,P53172
DAA10578.1,P53732
DAA09828.1,Q04636
DAA06675.1,P38689
DAA07760.1,P38620
DAA07184.1,P38241
DAA08691.1,P42945
DAA09159.1,Q02201
DAA10095.1,Q04336
DAA11666.1,P38988
DAA10828.1,P20449
DAA12328.1,Q04373
DAA09875.1,Q03718
DAA09538.1,Q05946
DAA07368.1,P33317
DAA07619.1,P23301
DAA09464.1,P52910
DAA10896.1,P07274
DAA09533.1,P53691
DAA08271.1,P32476
DAA11869.1,P07284
DAA07502.1,P25345
DAA07991.1,P53133
DAA09583.1,Q06151
DAA11715.1,P39078
DAA12232.1,P39743
DAA10272.1,P32074
DAA07684.1,P38555
DAA11318.1,Q02959
DAA09717.1,Q06991
DAA09948.1,Q04660
DAA11353.1,Q12672
DAA12177.1,P52918
DAA07481.1,P25342
DAA09422.1,Q12019
DAA09731.1,Q00416
DAA11803.1,Q07362
DAA10766.1,P22517
DAA10989.1,P38630
DAA07748.1,P52870
DAA12456.1,P23337
DAA09575.1,Q3E764
DAA11933.1,P35179
DAA09103.1,P35732
DAA08196.1,P53261
DAA10495.1,P53952
DAA07197.2,P38248
DAA12066.1,P02293
DAA08855.1,P40348
DAA10239.1,P42838
DAA07073.1,P07256
DAA12344.1,P17695
DAA12435.1,P43585
DAA08659.1,P14680
DAA09614.1,P37297
DAA09738.1,P07991
DAA10670.1,Q12469
DAA09847.1,P54003
DAA09307.1,P33750
DAA09017.1,P33299
DAA09740.1,P36517
DAA09045.1,P26793
DAA08475.1,P32565
DAA11710.1,Q99207
DAA07529.1,P25632
DAA09888.1,P27692
DAA10822.1,P38930
DAA06798.1,P38715
DAA07649.1,P33767
DAA11539.1,Q06493
DAA08038.1,P53166
DAA10215.1,P40302
DAA11151.1,P0CX10
DAA11102.1,P10964
DAA08955.1,P36036
DAA08156.1,P53045
DAA12188.1,Q05518
DAA06707.1,P04076
DAA11661.1,Q07622
DAA12074.1,Q04947
DAA11459.1,P07263
DAA09749.1,Q06205
DAA11649.1,P33327
DAA09705.1,P0C2H9
DAA12444.1,P43588
DAA09672.1,Q05931
DAA10289.2,P41832
DAA07056.1,P34227
DAA12098.1,P33416
DAA06994.1,P27616
DAA10978.1,P39744
DAA10408.1,P53552
DAA06858.1,P33334
DAA10368.1,P53875
DAA09589.1,Q06218
DAA07432.1,P25582
DAA09034.1,P33401
DAA08683.1,P46956
DAA07654.1,P40008
DAA10849.1,Q08484
DAA10580.1,P53734
DAA11782.1,Q07468
DAA10926.1,P33302
DAA08124.1,P28737
DAA10458.1,P48231
DAA09965.1,P54730
DAA10361.2,P08004
DAA09127.1,P36101
DAA11525.1,P07703
DAA12265.1,Q04053
DAA08053.1,Q01939
DAA10474.1,P12695
DAA08861.1,P47124
DAA09864.1,P15274
DAA11973.1,P08566
DAA09807.1,P23639
DAA08346.1,P53318
DAA07033.2,P38174
DAA12247.1,P32387
DAA08959.1,P22515
DAA08246.1,P32582
DAA08009.1,P21827
DAA08972.1,P07236
DAA12209.1,Q12458
DAA09995.1,Q03153
DAA07363.1,P38333
DAA09026.1,P36064
DAA09874.1,P02407
DAA08998.1,P32388
DAA06734.1,P16603
DAA07261.1,P38120
DAA06647.1,P38732
DAA06791.1,P38809
DAA07221.1,P38261
DAA12439.1,P25808
DAA10844.1,P07143
DAA11917.1,Q12447
DAA12085.1,P50108
DAA07671.1,P40015
DAA11277.1,Q12052
DAA10341.1,P40154
DAA07161.1,P38225
DAA08366.1,P53333
DAA08853.1,P35169
DAA08445.1,P40483
DAA07961.1,P53115
DAA10745.1,P40303
DAA09139.1,P34243
DAA06959.1,P32492
DAA11460.1,Q12406
DAA11261.1,P36534
DAA10141.1,Q04013
DAA09327.1,Q07915
DAA08802.1,P46965
DAA12406.1,P56628
DAA10914.1,P53598
DAA11582.1,P06780
DAA06881.1,P38876
DAA10111.1,Q03653
DAA07744.1,P40056
DAA11505.1,P20424
DAA08243.1,P13856
DAA08079.1,P43639
DAA08367.1,P53334
DAA10584.1,P32377
DAA11471.1,P08425
DAA07818.1,P40094
DAA08890.1,P47143
DAA08087.1,P21243
DAA11305.1,Q02457
DAA11529.1,Q06107
DAA09577.1,P0C0X0
DAA12468.1,Q00684
DAA08665.1,Q3E754
DAA09929.1,Q05050
DAA07698.1,P40030
DAA12091.1,P37304
DAA08980.1,P34232
DAA06863.1,P38861
DAA10479.1,P51401
DAA08535.1,P40553
DAA10025.1,Q04217
DAA09445.1,P16467
DAA10411.1,P27929
DAA11122.1,P06103
DAA11772.1,Q07505
DAA08462.1,P40498
DAA10981.1,P39683
DAA11416.1,Q12754
DAA10377.1,P53885
DAA10161.1,P38426
DAA12233.1,P17121
DAA08725.1,P47037
DAA11741.1,Q07534
DAA09164.2,Q02206
DAA10974.1,P25270
DAA10262.1,P48562
DAA10379.1,P39006
DAA09143.1,P33204
DAA11094.1,P22203
DAA10588.1,P53739
DAA12332.1,P51402
DAA08494.1,P41277
DAA08637.1,P08525
DAA07105.1,P32316
DAA09674.1,P51862
DAA11101.1,P46669
DAA12079.1,P41810
DAA09411.1,Q12072
DAA12219.1,Q06405
DAA08638.1,P38970
DAA10945.1,Q12123
DAA09912.1,Q04347
DAA09772.1,Q03124
DAA10169.1,Q03525
DAA10135.1,P11745
DAA06692.1,P08539
DAA11184.1,Q12045
DAA11828.1,Q00055
DAA09382.1,Q99382
DAA07137.1,P38069
DAA11992.1,Q00402
DAA07094.1,P38203
DAA08023.1,P53155
DAA09720.1,Q06697
DAA07169.1,P21538
DAA10246.1,P32453
DAA09890.1,P25087
DAA08354.1,P00958
DAA10592.1,P53741
DAA11466.1,P38431
DAA10274.1,Q12112
DAA06910.1,O13535
DAA12326.1,Q03430
DAA12132.1,P24276
DAA12454.1,P43596
DAA11764.1,P33775
DAA08339.1,P53315
DAA10125.1,Q05016
DAA09378.1,P15624
DAA08645.1,P47001
DAA08248.1,P05374
DAA12075.1,P49367
DAA09987.1,Q04304
DAA08849.1,P40354
DAA11755.1,P43124
DAA07258.1,P38112
DAA07915.1,P32803
DAA11826.1,Q12100
DAA12495.1,P32496
DAA12455.1,P27466
DAA10031.1,P40207
DAA09211.1,P36144
DAA07783.1,P39962
DAA09743.1,P06701
DAA08993.1,P36048
DAA09077.1,P31412
DAA11445.1,P30665
DAA09781.1,Q03735
DAA11451.1,P37366
DAA10179.1,Q03262
DAA08423.1,P40467
DAA08658.1,P39515
DAA07786.1,P40078
DAA08581.1,P38998
DAA10674.1,Q08245
DAA10065.1,P54114
DAA10348.1,P40159
DAA10539.1,P38922
DAA07482.1,P25348
DAA08176.1,P12754
DAA07330.1,P38314
DAA10872.1,Q12189
DAA08322.1,P50085
DAA10966.1,Q12113
DAA09977.1,P24280
DAA10820.1,P38909
DAA08862.1,P32458
DAA09587.1,P29496
DAA07815.1,P39952
DAA10443.1,P13382
DAA08567.1,P07266
DAA09032.2,P36006
DAA08458.1,P40494
DAA07621.1,P24279
DAA10107.1,P07277
DAA09062.1,P28319
DAA07608.1,P37303
DAA09926.1,Q04372
DAA08328.1,P50089
DAA10148.1,Q04781
DAA08152.1,P53236
DAA07864.1,P32804
DAA09125.1,P36013
DAA08180.1,P26263
DAA09305.1,Q07807
DAA07483.1,P25349
DAA08095.1,P53196
DAA09599.1,P0CX33
DAA10204.1,P00331
DAA08731.1,P40363
DAA07989.1,P53131
DAA12151.1,Q12153
DAA09500.1,P10659
DAA07401.1,P37302
DAA10646.1,P07260
DAA09515.1,P21304
DAA10401.1,P53905
DAA10496.1,P53953
DAA11549.1,Q06506
DAA06963.2,P10962
DAA06768.1,P38795
DAA06811.1,P38825
DAA09055.1,P14904
DAA08792.1,P47083
DAA11304.1,P35189
DAA07466.1,P25374
DAA08225.1,P40961
DAA08749.1,P47047
DAA07098.1,P36775
DAA11192.1,Q12179
DAA11028.1,Q08723
DAA09778.1,P32340
DAA06687.1,P38755
DAA09230.1,Q02046
DAA09570.1,Q06146
DAA11707.1,Q12136
DAA08006.1,P53011
DAA12249.1,Q04183
DAA10906.1,P32913
DAA07320.2,P38132
DAA12019.1,P21734
DAA08341.1,P53316
DAA08699.1,P32477
DAA08846.1,P47116
DAA10682.1,Q12272
DAA07104.1,P16892
DAA07177.1,P38237
DAA07711.1,P40036
DAA11000.1,Q12363
DAA10007.1,Q04458
DAA08040.1,P11154
DAA11689.1,Q12515
DAA08170.1,P53248
DAA10863.1,P48439
DAA07732.2,P40047
DAA10308.1,P53617
DAA12110.1,Q05580
DAA11527.1,Q06106
DAA08320.1,P32566
sp|O76011|KRT34_HUMAN,Q8WUK0
DAA12310.1,P06782
DAA08129.1,P40989
DAA07674.1,P40016
DAA08368.1,P53335
DAA09001.1,Q03178
DAA07728.1,Q01217
DAA07274.1,P38286
DAA11542.1,P45978
DAA10037.1,P40210
DAA10560.1,P53629
DAA10517.1,P53968
DAA07018.2,P24583
DAA09668.1,Q3E747
DAA07774.1,P39969
DAA06781.1,Q00539
DAA06729.1,P38771
DAA06683.1,P32902
DAA09806.1,Q04500
DAA12007.1,Q12030
DAA11176.1,Q00776
DAA08732.1,P40364
DAA11530.1,Q06108
DAA12197.1,Q06336
DAA08057.1,P07273
DAA06828.1,P23291
DAA07285.1,P32590
DAA06985.1,P34111
DAA07252.1,P38111
DAA11170.1,P41819
DAA07628.1,P08067
DAA10857.1,Q08492
DAA10884.1,Q12271
DAA08370.1,P15703
DAA09822.1,P12683
DAA06699.1,P0C2H6
DAA06878.1,P38873
DAA11948.1,Q03862
DAA10957.1,P32836
DAA08514.1,P13517
DAA08002.1,P46672
DAA11906.1,Q12176
DAA11761.1,Q12191
DAA11598.1,P54999
DAA10399.1,P53903
DAA12487.1,P43616
DAA07435.1,P16550
DAA11256.1,Q08920
DAA10860.1,Q12043
DAA10199.1,Q03579
DAA08175.1,P35180
DAA08279.1,P36421
DAA07731.1,P40046
DAA10562.1,P53723
DAA07238.1,P07253
DAA09148.1,P28496
DAA08504.1,P40529
DAA08712.1,P05150
DAA07166.1,P38230
DAA08217.1,P49090
DAA06763.1,P38793
DAA10081.1,P39926
DAA07771.1,P25302
DAA07568.1,P25346
DAA10797.1,P38903
DAA10804.1,Q12314
DAA08076.1,P39007
DAA10343.1,P40156
DAA08305.1,P53303
DAA06777.1,P38691
DAA07764.1,P22202
DAA10347.1,P40150
DAA08809.1,P22696
DAA09033.1,P36069
DAA08632.1,P27614
DAA12032.1,P22213
DAA10086.1,Q03246
DAA11603.1,P20435
DAA11514.1,Q06090
DAA08766.1,P20448
DAA09832.1,P54784
DAA08896.1,P47148
DAA09213.1,P36145
DAA12139.1,P32264
DAA09844.1,P00175
DAA11054.1,P22082
DAA06840.1,P32904
DAA09440.1,Q12220
DAA09771.1,Q03104
DAA11437.1,P22138
DAA11123.1,P21242
DAA08397.1,P40453
DAA06851.1,P38853
DAA09523.1,Q05785
DAA09147.1,P33201
DAA07339.1,P38137
DAA10991.1,Q12044
DAA09343.1,P39929
DAA07743.1,P40055
DAA12102.1,Q07791
DAA06767.1,P38713
DAA12316.1,P27809
DAA10924.1,P08518
DAA11642.1,Q07653
DAA12493.1,P30657
DAA08879.1,P0CX26
DAA08957.1,P32368
DAA07873.1,P53063
DAA10891.1,P04051
DAA09775.1,P09734
DAA07794.1,P40081
DAA12474.1,P05747
DAA10835.1,Q08444
DAA08728.1,P40360
DAA07676.1,P32263
DAA07919.1,P33892
DAA08799.1,P47085
DAA11507.1,Q06833
DAA07155.1,P38075
DAA10577.1,P53731
DAA12025.1,P40986
DAA09873.1,P51998
DAA08801.1,P08536
DAA07667.1,P39518
DAA11879.1,Q12472
DAA06841.1,P32899
DAA08996.1,P35996
DAA10006.1,Q04439
DAA07113.1,P32790
DAA09012.1,P36059
DAA11037.1,Q12029
DAA10166.1,Q03516
DAA06709.1,P38708
DAA08966.1,P32600
DAA08166.1,P48412
DAA11163.1,Q08985
DAA07513.1,P25358
DAA10938.1,Q12125
DAA12470.1,P39692
DAA08239.1,P37293
DAA07673.1,P10823
DAA12005.1,Q03774
DAA09582.1,P22214
DAA08048.1,P53173
DAA12341.1,Q12306
DAA07532.1,P25635
DAA06766.1,Q6Q547
DAA08595.1,P40893
DAA10092.1,P05745
DAA09073.1,P17505
DAA09075.1,P36080
DAA09052.1,Q01802
DAA11455.1,Q12028
DAA11225.1,Q08962
DAA10493.1,P00424
DAA09198.1,P36139
DAA06728.1,P07275
DAA11086.1,Q12502
DAA08169.1,P23369
DAA12284.1,Q02354
DAA11230.1,Q08959
DAA08628.1,P46990
DAA11231.1,P29295
DAA10987.1,Q12032
DAA11956.1,O13329
DAA11226.1,P38688
DAA10953.1,Q12446
DAA09092.2,P35723
DAA11415.1,Q02608
DAA08776.1,P47068
DAA12320.1,Q99258
DAA11121.1,P06776
DAA11021.1,P14906
DAA10211.1,Q04867
DAA07069.1,P32602
DAA07863.1,P10127
DAA10500.1,Q10740
DAA12131.1,P32916
DAA08100.1,P53201
DAA10943.1,Q12246
DAA06741.1,P38777
DAA12254.1,Q04031
DAA09783.1,P23642
DAA12442.1,P34077
DAA10118.1,Q03661
DAA09179.1,P36120
DAA08852.1,P47117
DAA07549.2,P25644
DAA07791.1,P39939
DAA11934.1,P35178
DAA08835.1,P00044
DAA12404.1,P13433
DAA08424.1,P40468
DAA06860.1,O13539
DAA06898.1,P11792
DAA12165.1,P81449
DAA11175.1,Q08977
DAA07342.1,P38323
DAA06820.1,P38833
DAA07942.1,P45818
DAA10374.2,P53881
DAA09452.1,P09368
DAA11380.1,P39107
DAA10523.1,P53972
DAA10385.1,P53893
DAA11361.1,Q02866
DAA10876.1,P27810
DAA07028.2,P38170
DAA09942.1,P11746
DAA07984.1,P53128
DAA10147.1,P47912
DAA10638.1,Q12462
DAA08291.1,P46951
DAA07969.1,P53119
DAA09234.1,P32769
DAA07484.1,P08679
DAA09792.1,P13298
DAA08965.1,P36041
DAA08415.1,P40462
DAA09412.1,P13186
DAA08398.1,P32191
DAA06815.1,P38828
DAA11998.1,P13663
DAA08372.1,P53337
DAA11348.1,P48415
DAA10582.1,P53736
DAA08391.1,P40449
DAA12434.1,P07560
DAA11224.1,Q12211
DAA06771.1,P38798
DAA12354.1,Q04412
DAA07205.1,P18238
DAA09821.1,Q03631
DAA09205.1,P36022
DAA10470.1,P53941
DAA11991.1,P19262
DAA11032.1,P38969
DAA10116.1,P38625
DAA11680.1,P48570
DAA10749.1,Q08202
DAA10082.1,Q03233
DAA08635.2,P46995
DAA10640.2,P89105
DAA10435.1,P24783
DAA09291.1,Q07825
DAA09209.1,P36143
DAA09217.1,P00431
DAA08515.1,P07278
DAA11033.1,Q08732
DAA08503.1,P40187
DAA07097.1,P29469
DAA11966.1,P15565
DAA08869.1,P47130
DAA07999.1,P53139
DAA09186.1,P36126
DAA10942.1,P13188
DAA10022.1,P34160
DAA07925.1,Q00362
DAA11309.1,P33419
DAA11651.1,Q07623
DAA11215.1,Q08967
DAA10870.1,Q12275
DAA07543.1,P25382
DAA09653.1,Q06143
DAA07193.2,P38086
DAA07766.1,P40064
DAA07823.1,P06843
DAA09808.1,Q02773
DAA09843.1,Q04969
DAA07721.1,P40106
DAA08496.1,P40185
DAA10326.1,P53859
DAA10461.1,P39013
DAA06730.1,P38694
DAA07704.1,Q6Q560
DAA09973.1,Q04779
DAA11310.1,Q02933
DAA06749.1,P38781
DAA09851.1,Q04697
DAA08417.1,P40463
DAA11130.1,Q08886
DAA07729.1,P21524
DAA09662.1,Q05911
DAA09095.1,P33749
DAA09067.1,P33324
DAA10126.1,Q05021
DAA09548.1,Q05979
DAA09867.1,P32500
DAA08459.1,P40495
DAA08994.1,P36049
DAA07741.1,P40053
DAA08618.1,P04650
DAA11698.1,Q12518
DAA10440.1,P50942
DAA11889.1,Q03201
DAA11798.1,P25386
DAA08446.1,P40433
DAA06861.2,P38860
DAA07493.1,P25617
DAA07067.1,P34218
DAA08767.1,Q00618
DAA08000.1,P53140
DAA12297.1,P36527
DAA07785.1,P39940
DAA10703.1,P19158
DAA11311.1,Q02939
DAA11871.1,Q12457
DAA10960.1,P21339
DAA08705.1,Q01389
DAA11749.1,Q12277
DAA09010.1,P36057
DAA11454.1,Q12402
DAA07510.1,P06367
DAA08820.1,P47102
DAA09603.1,P32502
DAA10369.1,P22211
DAA12213.1,Q06385
DAA06673.1,P38747
DAA07234.1,P07702
DAA06862.1,P38719
DAA10684.1,Q12236
DAA08786.1,P08678
DAA10644.2,Q08282
DAA11939.1,P52490
DAA10805.1,Q12204
DAA07867.1,P32608
DAA08272.1,P53296
DAA06790.1,P38695
DAA06681.1,Q03497
DAA11250.1,Q08925
DAA11543.1,Q06504
DAA09363.1,P46675
DAA06784.1,P38805
DAA07395.1,P38352
DAA09134.1,P20484
DAA07377.1,P38339
DAA08760.1,P47054
DAA12031.1,P39079
DAA12040.1,P14905
DAA10740.1,Q08213
DAA09544.1,P0C2I6
DAA08718.1,P80428
DAA10879.1,P46964
DAA07973.1,P41811
DAA08268.1,P53295
DAA08259.1,P53292
DAA09636.1,Q06178
DAA08476.1,P40510
DAA12250.1,P04161
DAA08312.1,P30822
DAA10028.1,Q04225
DAA11393.1,Q02642
DAA07756.1,P25451
DAA07325.1,P32528
DAA11975.1,P32599
DAA11342.1,P41921
DAA07334.1,P32327
DAA09938.1,P54000
DAA10895.1,P14065
DAA10530.1,P53978
DAA06761.1,P38791
DAA12124.1,Q05521
DAA10971.1,P32875
DAA06987.1,Q05359
DAA07554.1,P16649
DAA09696.1,P04039
DAA09841.1,P14747
DAA08007.1,P53145
DAA06826.1,P38837
DAA10302.1,P38717
DAA10009.1,Q99278
DAA10214.1,P40308
DAA07450.1,P25369
DAA09318.1,P54861
DAA09263.1,Q12525
DAA07043.2,P33893
DAA07220.1,P38260
DAA09388.1,P19263
DAA10000.1,P18961
DAA11605.1,P17883
DAA10636.1,Q12517
DAA11711.1,Q12250
DAA09701.1,Q06053
DAA08396.1,Q2V2P4
DAA08763.1,P47057
DAA09459.1,P27801
DAA09657.1,P41698
DAA10197.1,P25045
DAA11048.1,Q12134
DAA12339.1,Q12263
DAA09850.1,Q04693
DAA07240.1,P36531
DAA08469.2,P40506
DAA10220.1,Q04894
DAA08422.1,P40466
DAA08281.1,P48362
DAA11083.1,Q99181
DAA08085.1,P12383
DAA06981.1,P39704
DAA10269.1,P38629
DAA10733.1,P19659
DAA09188.1,P69771
DAA11003.1,Q01919
DAA07708.1,P10869
DAA10948.1,P16622
DAA11087.1,P54885
DAA10751.1,Q08193
DAA08789.1,P41543
DAA07300.1,P38300
DAA07039.1,P38041
DAA10102.1,P23644
DAA10724.1,P41911
DAA07622.1,P39986
DAA10119.1,P24521
DAA07802.1,P40086
DAA11735.1,Q04344
DAA07380.1,P37292
DAA11351.1,P32333
DAA11162.1,Q08986
DAA11389.1,P48526
DAA10799.1,P32606
DAA09710.1,Q06685
DAA10189.1,P49955
DAA06986.1,P39705
DAA10565.1,P53725
DAA12269.1,P32898
DAA11858.1,P49626
DAA08626.2,P46988
DAA08858.1,P47122
DAA10871.1,P40994
DAA10052.1,Q03798
DAA11961.1,Q04599
DAA07064.2,P34221
DAA08677.1,P46959
DAA10728.1,Q08224
DAA11795.1,P41058
DAA11504.1,P29055
DAA12241.1,Q04177
DAA10202.1,P40416
DAA10789.1,Q12118
DAA10201.1,P04046
DAA12272.1,Q04081
DAA07559.1,P25654
DAA12418.1,P15625
DAA08181.1,P06115
DAA07082.1,P38065
DAA07623.1,P39987
DAA08864.1,P47125
DAA11695.1,Q12055
DAA10773.1,Q08096
DAA07890.1,P53075
DAA09002.1,Q03180
DAA09015.1,Q00711
DAA09182.1,P36122
DAA09021.1,P33421
DAA09747.1,P32366
DAA11528.1,P06197
DAA09085.1,P36086
DAA10800.1,Q02805
DAA08115.1,P17649
DAA09652.1,Q06142
DAA10538.1,P12687
DAA10026.1,P39685
DAA09885.1,Q04228
DAA10114.1,Q03655
DAA09925.1,Q04371
DAA08323.1,P50086
DAA08356.1,P51601
DAA07754.1,P40061
DAA12155.1,Q06668
DAA10069.1,P18899
DAA09650.1,Q06137
DAA08037.1,P43636
DAA06720.1,P38765
DAA09064.1,P28321
DAA12494.1,P43621
DAA08295.1,P13259
DAA07027.1,P38169
DAA08347.1,P53319
DAA08696.1,P42949
DAA10533.1,P53981
DAA06821.1,P18562
DAA07664.1,P24384
DAA07918.1,P53095
DAA07364.1,P33734
DAA08609.1,P39533
DAA10721.1,Q99186
DAA09723.1,O13563
DAA12053.1,Q99231
DAA07470.1,P25555
DAA12068.1,P07170
DAA08344.1,P32379
DAA07264.1,P38115
DAA11942.1,Q03834
DAA11014.1,Q08651
DAA11867.1,Q12099
DAA09282.1,Q07878
DAA09083.1,P36016
DAA11002.1,P38523
DAA10332.1,P53866
DAA11729.1,P01098
DAA09868.1,Q03713
DAA12008.1,P06101
DAA08211.1,P48837
DAA09514.1,P14743
DAA09989.1,P46680
DAA09681.1,Q06705
DAA06856.1,P38858
DAA10428.1,P07213
DAA10645.1,P18544
DAA10208.1,P22146
DAA11117.1,Q08822
DAA06739.1,P37898
DAA08261.1,P17891
DAA07210.2,P11633
DAA11962.1,Q04600
DAA10449.1,P50947
DAA09943.1,Q04213
DAA08425.1,P40469
DAA12199.1,Q06338
DAA07722.1,P40040
DAA10206.1,Q04951
DAA10734.1,Q08220
DAA11398.1,P17157
DAA10329.1,P23202
DAA07350.1,P38328
DAA08822.1,P47104
DAA10786.1,Q12339
DAA11484.1,Q12160
DAA11568.1,Q06451
DAA08437.1,P07172
DAA07021.1,P38166
DAA11489.1,Q12074
DAA09173.1,P36114
DAA07207.1,P38250
DAA11408.1,Q02724
DAA07828.1,P32660
DAA07607.1,P32614
DAA10203.1,P32843
DAA08277.1,P22289
DAA10196.1,Q03559
DAA07596.1,P38628
DAA06880.1,P38875
DAA09222.1,P36152
DAA11431.1,Q12480
DAA07063.2,P34222
DAA06879.1,P38874
DAA10992.1,Q12283
DAA08363.1,P53330
DAA09898.1,P32939
DAA07946.1,P13586
DAA11012.1,Q08649
DAA07260.1,P38113
DAA12011.1,P11075
DAA08745.1,P40335
DAA10894.1,Q12196
DAA09156.1,Q02196
DAA08958.1,P00937
DAA11026.1,P53549
DAA07780.1,P40075
DAA08411.1,P39076
DAA10364.1,Q02821
DAA07661.1,P40011
DAA07458.1,Q96VH4
DAA08833.1,P47112
DAA08188.1,P53256
DAA11097.1,P22023
DAA11429.1,Q12428
DAA07930.1,P53100
DAA11670.1,Q12063
DAA09430.1,Q12186
DAA12226.1,P02400
DAA09759.1,P54007
DAA11449.1,Q12432
DAA08872.1,P47133
DAA06688.1,P37299
DAA10063.1,P38920
DAA07476.1,P25578
DAA07277.1,P38288
DAA11639.1,P35197
DAA08405.1,P0CH08
DAA09699.1,P35207
DAA09811.1,P54783
DAA12194.1,P07285
DAA12450.1,P43593
DAA07632.1,O74700
DAA07217.1,P38256
DAA08147.1,P32564
DAA10956.1,P33330
DAA08350.1,P53322
DAA10426.1,P53920
DAA09247.1,P36168
DAA09080.1,P36081
DAA11483.1,Q12178
DAA10221.1,P40988
DAA07159.1,P38077
DAA08001.1,P53141
DAA08485.1,P40515
DAA09547.1,P19073
DAA11129.1,P32864
DAA06933.1,P39718
DAA10047.1,P28625
DAA08487.1,P40517
DAA11204.1,P32867
DAA10410.1,P17555
DAA07441.1,P25573
DAA11069.1,Q08773
DAA10276.1,P36520
DAA10508.1,P28834
DAA11673.2,P54860
DAA08679.1,P47018
DAA10980.1,P29461
DAA06832.1,P13130
DAA10090.1,Q04322
DAA07914.1,P53091
DAA06824.1,P38836
DAA10340.1,P11938
DAA11115.1,Q08818
DAA11232.1,P06245
DAA09427.1,P32485
DAA08335.1,P53312
DAA09520.1,P32335
DAA09491.1,P35181
DAA10719.1,P32179
DAA08028.1,P19807
DAA07266.1,P38281
DAA11024.1,P06704
DAA11757.1,P43123
DAA07817.1,P40093
DAA07998.1,P53137
DAA09690.1,Q06010
DAA07373.1,P38145
DAA11194.1,P38687
DAA10014.1,Q04477
DAA11834.1,Q99190
DAA11280.1,P07267
DAA11047.1,Q12040
DAA07924.1,P32799
DAA10131.1,P12868
DAA10349.1,P40160
DAA08808.1,P39522
DAA10608.1,P53753
DAA08928.1,P46971
DAA10672.1,Q12285
DAA10042.1,P40217
DAA10423.1,P53540
DAA07292.1,P38295
DAA11008.1,Q08641
DAA07585.1,P0CX08
DAA10315.1,P32911
DAA12239.1,Q04175
DAA10469.1,P34072
DAA10760.1,Q08162
DAA12056.1,P12612
DAA10212.1,P41818
DAA10372.1,P53879
DAA11492.1,Q12514
DAA07980.2,Q01163
DAA07663.1,P22141
DAA11892.1,P11353
DAA08970.1,P36015
DAA08512.1,P40535
DAA12446.1,P43590
DAA10091.1,P36525
DAA08509.1,P40533
DAA11446.1,Q12233
DAA09130.1,P15700
DAA07157.1,P23833
DAA08109.1,P53206
DAA11640.1,Q07657
DAA07150.1,P38221
DAA07372.1,Q3E776
DAA11522.1,Q06103
DAA07616.1,P32628
DAA10282.1,P53836
DAA09793.1,P29478
DAA09158.1,P29468
DAA10188.1,P39112
DAA08103.1,P41896
DAA10066.1,P47771
DAA08953.1,P28272
DAA07230.1,Q01976
DAA09597.1,P29029
DAA11727.1,Q12018
DAA12405.1,P43563
DAA10687.1,Q12109
DAA11456.1,Q12734
DAA11317.1,P15496
DAA07378.1,P38340
DAA09444.1,P20485
DAA06655.1,P38737
DAA06718.1,P38764
DAA10637.1,P50875
DAA11908.1,P40970
DAA08107.1,P40357
DAA08554.1,P10363
DAA10466.1,P17536
DAA09675.1,P40319
DAA06915.1,P38697
DAA08927.1,P47173
DAA10012.1,Q04472
DAA11591.1,Q06616
DAA07770.1,P40069
DAA07255.1,P38109
DAA08157.1,P38972
DAA08365.1,P53332
DAA09070.1,P36076
DAA09611.1,Q05905
DAA08011.1,P38932
DAA11688.1,P32891
DAA08899.1,P47150
DAA12143.1,P35176
DAA07683.1,P40019
DAA11629.2,Q07716
DAA08078.1,P53192
DAA10754.1,Q08179
DAA08806.1,P47089
DAA08062.1,P31755
DAA09276.1,P32386
DAA11480.1,P32331
DAA08084.1,P25339
DAA06792.1,P38810
DAA07962.1,P28777
DAA10529.1,P0CT04
DAA09610.1,P23776
DAA07997.1,P53136
DAA12289.1,P15454
DAA06665.1,P21957
DAA11386.1,P37838
DAA12235.1,Q04170
DAA10930.1,P25043
DAA11554.1,Q06510
DAA07679.1,P08456
DAA09665.1,Q3E795
DAA11481.1,P32178
DAA08301.1,P42940
DAA09340.1,Q07953
DAA09239.1,P36165
DAA11586.1,Q06214
DAA08324.1,P17442
DAA08558.1,P35184
DAA08443.1,P40481
DAA08620.2,P46982
DAA08656.1,P47008
DAA06705.1,P32793
DAA09986.1,P40341
DAA10892.1,P33297
DAA07603.1,P32610
DAA09453.1,Q12429
DAA07403.2,P38153
DAA09303.1,P14772
DAA08569.1,P15367
DAA09541.1,Q05948
DAA10418.1,P17898
DAA11901.1,Q12355
DAA07175.1,P38081
DAA07433.1,P25580
DAA09242.1,P32583
DAA12242.1,Q04178
DAA11876.1,Q12335
DAA10344.1,P40157
DAA08336.1,P53313
DAA10904.2,Q12375
DAA09604.1,P39742
DAA09235.1,P22354
DAA10642.1,P50861
DAA07127.1,P38067
DAA11442.1,Q12522
DAA11335.1,P48527
DAA07545.1,P37262
DAA08506.1,P40530
DAA06890.1,P38884
DAA07639.1,P39998
DAA08488.1,P40518
DAA07542.1,P25642
DAA10685.1,Q12496
DAA08956.1,P36037
DAA11960.1,Q04598
DAA10537.1,P41318
DAA10591.1,P38999
DAA07906.1,P51996
DAA11799.1,Q07379
DAA07772.1,P40070
DAA09624.2,P32457
DAA08812.1,P47093
DAA12312.1,Q03370
DAA09573.1,Q06147
DAA08231.1,P32504
DAA06929.2,P39714
DAA10365.1,P11927
DAA11849.1,P41920
DAA11450.1,P32795
DAA08374.1,P32451
DAA12020.1,P37298
DAA08648.1,P32604
DAA12137.1,P09457
DAA08910.1,P47160
DAA10388.1,P53894
DAA10389.1,P38616
DAA09768.1,Q03102
DAA09038.1,P32342
DAA07996.1,P53040
DAA10209.1,P32337
DAA09889.1,P36533
DAA09536.1,P47818
DAA12347.1,Q04409
DAA08973.1,P36047
DAA11590.1,P52917
DAA12492.1,P19955
DAA09047.1,P34253
DAA07782.1,P38682
DAA10216.1,Q04869
DAA06648.1,P03874
DAA12449.1,P43535
DAA08142.1,P53228
DAA08061.1,P53183
DAA09906.1,P39105
DAA09566.1,Q06567
DAA08932.1,P47176
DAA12432.1,P32908
DAA10176.1,P48524
DAA08851.1,P40413
DAA11208.1,O13297
DAA08146.1,P53044
DAA08713.1,P09880
DAA11916.1,Q12497
DAA11907.1,Q12298
DAA11645.1,Q07648
DAA09574.1,Q99260
DAA09469.1,P0CZ17
DAA06701.1,P38759
DAA12186.1,Q05515
DAA09562.1,P38623
DAA11965.1,Q2V2P9
DAA10939.1,Q99287
DAA10288.1,P17065
DAA07508.1,P32445
DAA09903.1,P40959
DAA11009.1,Q08645
DAA07709.1,P40035
DAA10566.1,P11655
DAA10825.1,P12611
DAA11066.1,Q08760
DAA08866.1,P47127
DAA09655.1,P49954
DAA07737.1,P40050
DAA09140.1,P30902
DAA09221.1,P36151
DAA09960.1,Q04728
DAA07096.1,P38205
DAA12072.1,Q04935
DAA11045.1,Q99369
DAA09171.1,P36112
DAA08247.1,P39927
DAA09145.1,Q03702
DAA10559.1,P53721
DAA09325.1,Q07913
DAA09023.1,Q03957
DAA09393.1,Q08023
DAA06990.1,P39707
DAA11743.1,Q07533
DAA11663.1,Q12009
DAA07348.1,P38151
DAA08541.1,P40557
DAA09386.1,P25039
DAA10722.1,Q12265
DAA07720.2,P39525
DAA09734.1,P23287
DAA11596.1,Q06624
DAA11379.1,Q02804
DAA07154.1,P38074
DAA08537.1,P39002
DAA09654.1,Q06144
DAA09927.1,Q05040
DAA08173.1,P53250
DAA08287.1,P42826
DAA11981.1,P17629
DAA08963.1,P36040
DAA07429.1,P25375
DAA07820.1,P40096
DAA10307.1,P36528
DAA09066.1,P33314
DAA11548.1,Q01454
DAA07162.1,P38226
DAA09673.1,Q05933
DAA12193.1,P29509
DAA07282.1,P20049
DAA10433.1,P53925
DAA10284.1,P08465
DAA08888.2,P38627
DAA11285.1,Q12152
DAA11627.2,Q07732
DAA08660.1,P20433
DAA07987.1,P32505
DAA12253.1,Q12743
DAA11352.1,O13516
DAA09106.1,P35735
DAA10735.1,Q08219
DAA08986.1,P32895
DAA11703.1,Q12082
DAA11040.1,P07884
DAA09020.1,P35719
DAA08145.1,P33339
DAA11556.1,Q06511
DAA07006.1,P35845
DAA11513.1,Q06089
DAA08060.1,P05373
DAA08294.1,P42936
DAA12299.1,P38904
DAA10190.1,Q03266
DAA11218.1,P20606
DAA09519.1,Q05779
DAA12360.1,P00128
DAA12217.1,P32839
DAA08327.1,P50088
DAA11630.1,P19881
DAA12135.1,Q06630
DAA11244.1,P38996
DAA07044.1,P38181
DAA07103.1,P32319
DAA06719.1,P18962
DAA11805.1,P33399
DAA09290.1,Q07830
DAA07062.1,P34223
DAA10087.1,P49095
DAA09300.1,P32350
DAA08525.1,P40545
DAA10553.1,P27515
DAA12122.1,Q05648
DAA08072.1,P53008
DAA11800.1,P39678
DAA08185.1,P22204
DAA11464.1,Q12284
DAA12006.1,P89102
DAA10606.1,P53751
DAA08351.1,P46682
DAA08099.1,P53200
DAA10027.1,Q04223
DAA11829.1,Q12008
DAA08442.1,P00425
DAA10181.1,P39113
DAA08988.1,P34237
DAA08047.1,P21147
DAA07146.1,P38072
DAA09284.1,Q07872
DAA08951.1,P36007
DAA07839.1,P32644
DAA11778.1,P05318
DAA07232.1,P14922
DAA11853.1,P41910
DAA12129.1,Q05543
DAA09876.1,P49435
DAA07630.1,P39993
DAA09373.1,P38915
DAA06954.1,P28003
DAA06945.1,P11433
DAA11290.1,P35844
DAA08299.1,P42938
DAA08871.1,P18852
DAA09265.1,Q12390
DAA08519.1,P40540
DAA09886.1,P54837
DAA06796.1,P38692
DAA10406.1,P41948
DAA10836.1,Q08446
DAA09635.1,Q06177
DAA09297.1,Q12164
DAA06778.1,P14693
DAA11132.1,P32336
DAA09216.1,P36147
DAA12214.1,Q06389
DAA07209.1,P15873
DAA08902.1,P47154
DAA07215.2,P38254
DAA09287.1,Q07844
DAA07886.1,P53072
DAA10279.1,P53834
DAA11770.1,Q05166
DAA08570.1,P21657
DAA08460.1,P40496
DAA07472.1,P25605
DAA06965.1,P31382
DAA09169.1,P36018
DAA07396.1,P38149
DAA12314.1,P11491
DAA10248.1,P42842
DAA09999.1,Q03177
DAA08743.1,P47044
DAA10355.1,Q01722
DAA09146.1,P33202
DAA08240.1,P24000
DAA08629.1,P32591
DAA08120.1,P53217
DAA07703.1,P39101
DAA11027.1,P09032
DAA10263.1,P48563
DAA11773.1,Q3E7B7
DAA10661.1,Q99383
DAA07071.1,P34216
DAA12337.2,P50896
DAA08868.1,P47129
DAA06780.1,P38803
DAA11376.1,Q02799
DAA07525.1,P25627
DAA12140.1,Q06632
DAA11796.1,Q07381
DAA08552.1,P32521
DAA07971.1,P53121
DAA09913.1,P54781
DAA11777.1,Q12690
DAA11685.1,Q12257
DAA11229.1,Q08960
DAA10323.1,P32259
DAA09122.1,Q86ZR7
DAA11936.1,P38966
DAA11042.1,P12962
DAA11771.1,Q07508
DAA12364.1,Q04432
DAA08857.1,P47120
DAA12471.1,P38989
DAA08887.1,P47142
DAA10635.1,Q12068
DAA09488.1,Q06245
DAA07727.1,P34909
DAA08293.1,P42935
DAA10124.1,P19956
DAA10303.1,P53848
DAA08915.1,P32906
DAA09959.1,P25298
DAA08362.1,P46677
DAA08408.1,P40459
DAA08177.1,P12686
DAA09499.1,Q06252
DAA09622.1,P36523
DAA10129.1,P46784
DAA11214.1,Q08968
DAA09818.1,Q03629
DAA08130.1,P53220
DAA10547.1,P40343
DAA07613.1,P32623
DAA09755.1,Q06188
DAA06893.1,P38886
DAA10824.1,Q08412
DAA11381.1,Q03063
DAA09428.1,Q12500
DAA11405.1,P46151
DAA06889.2,P38883
DAA09081.1,P36083
DAA08886.1,P47141
DAA07715.1,P40037
DAA08623.2,P46985
DAA11427.1,Q12341
DAA10155.1,Q04839
DAA11334.1,Q02889
DAA12306.1,Q03337
DAA06702.1,P07347
DAA11252.1,Q08924
DAA07460.1,P25376
DAA12073.1,P09950
DAA07090.1,Q3E756
DAA06735.1,P38773
DAA08216.1,P53043
DAA06935.2,P39719
DAA09396.1,Q12396
DAA12191.1,P42223
DAA10445.1,P50945
DAA08167.1,Q02260
DAA11785.1,Q07457
DAA11425.1,Q12059
DAA07884.1,P07244
DAA07404.2,P18480
DAA09857.1,P32796
DAA10712.1,Q08230
DAA12392.1,P43555
DAA10300.1,P38636
DAA11895.1,P32347
DAA10294.1,P53843
DAA08086.1,P25340
DAA07887.1,P53073
DAA09694.1,P18496
DAA12358.2,Q04418
DAA09964.1,Q04748
DAA09951.1,P46671
DAA09591.1,Q05854
DAA10660.1,Q12463
DAA12045.1,O13525
DAA08035.1,P53164
DAA11994.1,Q03768
DAA07352.1,P32783
DAA09642.1,Q06132
DAA11038.1,Q12024
DAA12276.1,Q04087
DAA12097.1,Q12504
DAA10897.1,P38439
DAA08283.1,P53301
DAA12348.1,Q04410
DAA10802.1,P38910
DAA07402.1,P38355
DAA09232.1,P36161
DAA07474.1,Q3E7B6
DAA09954.1,P26448
DAA10834.1,Q08438
DAA09110.1,P36090
DAA09485.1,P10507
DAA10139.1,Q02555
DAA09226.1,P36156
DAA10713.1,Q08229
DAA12417.1,P43573
DAA10540.1,P38921
DAA10337.1,P53868
DAA10446.1,P50946
DAA07789.1,P38990
DAA09716.1,Q06689
DAA11873.1,Q00816
DAA10694.1,P25847
DAA10750.1,Q08199
DAA11748.1,Q07527
DAA08881.1,P47137
DAA07223.1,P38087
DAA06737.1,P38775
DAA11875.1,Q04341
DAA10108.1,Q03648
DAA11295.1,Q03010
DAA09895.1,P50107
DAA11865.1,P48015
DAA07738.1,P40051
DAA09497.1,Q06251
DAA08797.1,P46957
DAA06902.1,P38892
DAA07556.1,P37263
DAA10238.1,P42837
DAA10213.1,Q04868
DAA07734.1,Q3E834
DAA08075.1,P53191
DAA10187.1,P20084
DAA09194.1,P36135
DAA10174.1,P50111
DAA07323.1,P38130
DAA08093.1,P38929
DAA07750.1,P39966
DAA10467.1,P53939
DAA11165.1,P21306
DAA08614.1,P39542
DAA10898.1,Q01476
DAA10880.1,Q12057
DAA12490.1,P43619
DAA10763.1,Q08157
DAA11332.1,Q02887
DAA11053.1,Q12012
DAA08633.2,P46992
DAA07668.1,P40013
DAA06775.1,P38800
DAA08453.1,P40489
DAA09149.1,P28495
DAA07813.1,P10356
DAA07834.1,P32639
DAA10643.2,Q08285
DAA08547.1,P40561
DAA08260.1,P32893
DAA09329.1,Q07923
DAA12410.1,P43567
DAA10583.1,P32378
DAA06738.1,P38710
DAA10352.1,P32573
DAA07250.1,P38274
DAA12163.1,P38986
DAA09397.1,P13181
DAA12264.1,Q02647
DAA09526.1,Q05788
DAA07905.1,P53088
DAA11810.1,O75012
DAA10716.1,P32607
DAA10354.1,P40165
DAA09185.1,P36125
DAA10241.1,P42839
DAA10218.1,P54005
DAA07837.1,P32643
DAA10875.1,P20676
DAA11007.1,Q08634
DAA09628.1,P41697
DAA10853.1,P06785
DAA07988.1,P53130
DAA08583.1,P40580
DAA11750.1,Q12513
DAA09126.1,P36100
DAA09078.1,P32364
DAA11017.1,Q08685
DAA10513.1,P53965
DAA09285.1,P32523
DAA11717.1,P48445
DAA09336.1,Q12445
DAA10075.1,Q03219
DAA09722.1,P20051
DAA11774.1,Q07500
DAA09144.1,P33203
DAA09993.1,Q03148
DAA12234.1,P52488
DAA07367.1,P33759
DAA11684.1,P46681
DAA08116.1,P39111
DAA07599.1,P39985
DAA09298.1,Q12373
DAA08474.1,P40509
DAA08814.1,P47096
DAA10690.1,P40339
DAA09192.1,P19145
DAA09423.1,Q12090
DAA12101.1,P52911
DAA11068.1,P07258
DAA07128.2,P38213
DAA12277.1,Q04089
DAA11626.2,P35688
DAA08466.1,P40502
DAA09883.1,Q04226
DAA06765.2,P38604
DAA08430.2,P40472
DAA09200.1,P36141
DAA10697.1,Q99247
DAA11585.1,Q06213
DAA07845.1,P40098
DAA10471.1,P32047
DAA09279.1,P23900
DAA08553.1,P40566
DAA08790.1,P38624
DAA12077.1,Q03778
DAA10524.1,P53973
DAA09399.1,P32802
DAA07898.1,P53081
DAA11031.1,P48606
DAA11239.1,Q08951
DAA10192.1,Q03533
DAA09138.1,P36104
DAA07604.1,P32611
DAA09507.1,P33310
DAA07979.1,Q01159
DAA07602.1,P32317
DAA07825.1,P32656
DAA11465.1,Q12199
DAA10759.1,P25040
DAA10160.1,P38912
DAA12114.1,Q05584
DAA09819.1,P25719
DAA11247.1,Q06892
DAA08098.1,P53199
DAA08954.1,P28273
DAA11315.1,P24784
DAA10492.1,P38590
DAA11368.1,Q02776
DAA11001.1,P32490
DAA07065.1,P34220
DAA08242.1,P48237
DAA11533.1,Q06489
DAA08649.1,P34110
DAA08550.1,P40564
DAA10154.1,Q04835
DAA07651.1,P39106
DAA06654.1,P38736
DAA10573.1,Q6Q546
DAA08220.1,P53275
DAA07653.1,P29952
DAA10570.1,P53730
DAA09229.1,P36159
DAA09774.1,Q12746
DAA07615.1,P32626
DAA11254.1,Q08921
DAA07397.1,P36526
DAA11589.1,Q06608
DAA10070.1,P01094
DAA10312.1,P53852
DAA06690.1,P38756
DAA07747.1,P39965
DAA09342.1,Q07963
DAA09730.1,Q06440
DAA11477.1,P32855
DAA12170.1,P52286
DAA11394.1,P19657
DAA07960.1,P53114
DAA11413.1,P53686
DAA07977.1,P53125
DAA11744.1,P52891
DAA08447.1,P40484
DAA10198.1,P00729
DAA08823.1,Q02772
DAA10409.1,P0C074
DAA11519.1,Q06096
DAA10018.1,P54780
DAA07070.1,P38191
DAA12357.1,P56508
DAA11758.2,P15436
DAA11968.1,P13185
DAA08714.1,P19658
DAA08457.1,P40493
DAA08269.1,P37267
DAA08333.1,P53309
DAA08838.1,P21375
DAA11732.1,Q99385
DAA11043.1,P06174
DAA10057.1,P48353
DAA10696.1,Q99316
DAA08917.1,P47165
DAA09208.1,P0C0V8
DAA10607.1,P53752
DAA08608.1,P32525
DAA09352.1,Q12078
DAA12136.1,P38992
DAA07659.1,P33332
DAA06859.1,P16522
DAA08438.1,P40477
DAA09833.1,P38987
DAA07108.1,P32784
DAA11887.1,Q01896
DAA12412.1,P43569
DAA08126.1,P53218
DAA10207.1,Q04952
DAA11632.1,P48365
DAA07494.1,P25618
DAA11595.1,Q06623
DAA06971.2,P31374
DAA10726.1,Q08225
DAA07287.1,P33754
DAA10327.1,P53860
DAA10245.1,P32452
DAA11759.1,P39009
DAA07389.1,P38349
DAA07617.1,P32629
DAA12283.1,Q02336
DAA11321.1,Q02969
DAA09039.1,P32330
DAA09953.1,P37296
DAA08548.1,P40562
DAA06770.1,P38797
DAA07164.2,P38228
DAA06967.1,P31384
DAA07970.1,P53120
DAA09958.1,P50110
DAA11693.1,P32771
DAA09237.1,P36163
DAA11469.1,Q12049
DAA11166.1,P33311
DAA09787.1,Q03758
DAA10866.1,P36017
DAA09502.1,P09959
DAA07060.1,Q3E7A4
DAA08914.1,P47164
DAA09299.1,P23201
DAA12190.2,P50273
DAA07386.2,P38346
DAA08082.1,P32767
DAA08280.1,P41895
DAA10913.1,Q12386
DAA08171.1,P48363
DAA11222.1,P41835
DAA10778.1,P38902
DAA09524.1,Q05787
DAA06715.1,P11914
DAA08666.1,P47013
DAA08793.1,P47084
DAA11050.1,Q08742
DAA06961.1,P39735
DAA09063.1,P28320
DAA11190.1,Q12523
DAA10983.1,P32266
DAA09770.1,P39103
DAA10887.1,Q12453
DAA07506.1,P25378
DAA07936.1,P39016
DAA09366.1,P46654
DAA09632.1,Q06169
DAA06685.1,P38753
DAA11173.1,Q08979
DAA08549.1,P40563
DAA09009.1,P36056
DAA11313.1,Q02948
DAA10205.1,P50101
DAA08715.1,P47029
DAA09688.1,Q06709
DAA09450.1,P42900
DAA09203.1,P23500
DAA10574.1,P37254
DAA09454.1,Q12168
DAA07882.1,P53070
DAA09245.1,Q02455
DAA07614.1,P00045
DAA11546.1,P80967
DAA11299.1,Q03028
DAA06825.1,Q9P305
DAA09552.1,Q06001
DAA08625.1,P22135
DAA06800.1,P38816
DAA10654.1,Q08269
DAA12039.1,Q03941
DAA12396.1,P43558
DAA07045.1,P38182
DAA11088.1,Q99332
DAA12457.1,P43597
DAA09224.1,P36154
DAA11891.1,Q03125
DAA09132.2,P36103
DAA12171.1,P28795
DAA07778.1,P40073
DAA10905.1,Q12486
DAA06805.1,P38820
DAA10794.1,Q08409
DAA12086.1,Q03784
DAA07286.1,P33755
DAA07440.1,P25574
DAA08278.1,P19812
DAA10021.1,P39523
DAA11930.1,P38961
DAA11588.1,Q06604
DAA10917.1,P35202
DAA10171.1,P30402
DAA08778.1,P47072
DAA07611.1,P32621
DAA11884.1,P28817
DAA11831.1,Q12451
DAA12349.1,P32474
DAA09796.1,Q04199
DAA06689.1,P38702
DAA10113.1,P25303
DAA07324.2,P38310
DAA11738.1,P25037
DAA06943.1,Q01329
DAA10867.1,Q12511
DAA07354.1,P38330
DAA07172.1,P38235
DAA12319.1,Q03390
DAA08729.1,P40361
DAA07227.2,P38266
DAA06769.1,P38796
DAA08258.1,P53290
DAA07178.1,Q3E790
DAA10432.1,P53924
DAA10394.1,P53899
DAA08602.1,P08466
DAA10140.1,Q02554
DAA08918.1,P47166
DAA07931.1,P53101
DAA11747.1,Q07528
DAA09181.1,P14741
DAA08685.1,P32447
DAA10350.1,P40161
DAA10691.1,Q12400
DAA11909.1,Q12156
DAA09353.1,Q07980
DAA06809.1,P38823
DAA12149.1,P46676
DAA10885.1,Q12415
DAA07171.1,P38234
DAA11872.1,Q12071
DAA07052.1,P35183
DAA08022.1,P53009
DAA10764.1,Q08144
DAA09795.1,P52593
DAA09389.1,Q08001
DAA10779.1,P22579
DAA07539.1,P25365
DAA07911.1,P13711
DAA09053.1,P34250
DAA11745.1,Q07532
DAA08597.1,P40886
DAA09817.1,P53759
DAA11444.1,Q12495
DAA09093.1,P35724
DAA08081.1,P16639
DAA07344.1,P38138
DAA08735.1,Q3E7B2
DAA07303.1,P38302
DAA10280.1,P32462
DAA10925.1,Q99325
DAA09409.1,Q12255
DAA10717.1,Q12362
DAA09714.1,Q06688
DAA11273.1,P39011
DAA06837.1,P40422
DAA08215.1,P53272
DAA10407.1,P53909
DAA08094.1,P53195
DAA11512.2,Q06839
DAA12059.1,P07248
DAA09969.1,Q04767
DAA10267.1,P48567
DAA09972.1,Q04773
DAA07370.1,P38334
DAA12393.1,P43556
DAA12342.1,Q04401
DAA06864.1,P38862
DAA07345.1,P38325
DAA08400.1,P40454
DAA08313.1,P31334
DAA09619.1,Q06704
DAA08051.1,P53177
DAA09494.1,P41939
DAA07588.2,P39979
DAA09568.1,P0CE41
DAA06857.1,P38859
DAA11900.1,P14682
DAA08404.1,P40457
DAA09025.1,P14063
DAA09863.1,Q03705
DAA12221.1,Q06407
DAA09698.1,P32794
DAA07054.2,P38187
DAA08316.1,P50079
DAA08647.1,P47002
DAA11675.1,P23595
DAA11708.1,P25441
DAA07200.1,P35177
DAA10748.1,P48525
DAA08964.1,P33418
DAA08114.1,P53210
DAA11506.1,O13585
DAA09609.1,Q05902
DAA09643.1,P37370
DAA06947.1,P06182
DAA09433.1,Q99176
DAA09176.1,P36117
DAA09893.1,Q04233
DAA09492.1,P32469
DAA07216.1,P38255
DAA10235.1,P42834
DAA06938.1,P39722
DAA10043.2,P40218
DAA07515.1,P25332
DAA08856.1,P47119
DAA10455.1,P53935
DAA11985.1,P39108
DAA06662.1,P38742
DAA09594.1,Q05871
DAA11792.1,Q07418
DAA07100.1,P38206
DAA07891.1,P53076
DAA11898.1,Q99288
DAA09437.1,Q12288
DAA09429.1,Q12102
DAA09043.1,P28708
DAA07836.1,P32642
DAA07894.1,P40107
DAA10096.1,Q04338
DAA08209.1,P53270
DAA10856.1,P40962
DAA08410.1,Q00578
DAA10257.1,P48559
DAA10931.1,P17558
DAA11490.1,Q12321
DAA08296.1,P42937
DAA10883.1,Q12166
DAA07592.1,P39923
DAA10032.1,P40208
DAA07669.1,P39925
DAA09877.1,P12887
DAA09676.1,Q05934
DAA11593.1,P20133
DAA12278.1,P36973
DAA09588.1,Q06217
DAA07917.2,P53094
DAA08229.1,P53281
DAA08933.2,P47177
DAA10356.1,P34761
DAA08755.1,P47052
DAA11018.1,Q08686
DAA09557.1,Q06543
DAA07053.2,P38063
DAA07328.1,P32831
DAA08603.1,P39526
DAA08493.1,P40523
DAA09150.1,P43682
DAA12411.1,P43568
DAA11213.1,Q08969
DAA11766.1,P38985
DAA07601.1,Q02197
DAA06833.1,P38842
DAA07885.1,P22224
DAA08582.1,P40579
DAA12083.1,P23394
DAA08106.1,P16965
DAA10633.1,Q12512
DAA09940.1,Q04212
DAA07246.1,P38271
DAA09434.1,P32329
DAA08207.1,P53267
DAA11324.1,Q02981
DAA11809.1,Q12408
DAA10045.1,Q02795
DAA06869.1,P38866
DAA08186.1,P53255
DAA08991.1,P34240
DAA11721.1,P19146
DAA08355.1,P53326
DAA10417.1,P49334
DAA10266.1,P48566
DAA07868.1,P51979
DAA09443.1,Q12208
DAA10668.1,P53632
DAA09966.1,Q04749
DAA12291.1,Q03280
DAA11249.1,Q08926
DAA10505.1,P53960
DAA10101.1,P32352
DAA07759.1,P39967
DAA10818.1,P51534
DAA12172.1,Q06682
DAA12017.1,Q03976
DAA08395.1,P40452
DAA09660.1,Q06485
DAA09072.1,P36077
DAA09685.1,Q06706
DAA10542.1,P33309
DAA06684.1,P38703
DAA12309.1,Q03362
DAA07478.1,P25560
DAA09377.1,P54964
DAA08049.1,P53174
DAA11188.1,Q12344
DAA08759.1,P14907
DAA10972.1,Q08601
DAA06891.1,P38885
DAA11986.1,P22470
DAA10314.1,P53854
DAA11561.1,Q06523
DAA09061.1,P43497
DAA09641.1,P32499
DAA09357.1,Q01519
DAA09000.1,P36051
DAA07144.1,P38218
DAA10293.1,P39104
DAA08008.1,P53146
DAA08974.1,P32463
DAA10847.1,Q92331
DAA10137.1,Q05029
DAA10900.1,P41734
DAA11641.1,Q07655
DAA11198.1,P46683
DAA09183.2,P36123
DAA10010.1,Q12676
DAA11263.1,P41816
DAA09598.1,Q05881
DAA11575.1,P32486
DAA08071.1,P53189
DAA11371.1,Q02784
DAA10438.1,P53929
DAA11046.1,Q12017
DAA09529.1,P53378
DAA12267.1,Q04066
DAA10362.1,P53871
DAA06895.1,P38887
DAA10819.1,P32854
DAA12315.1,Q03375
DAA06956.1,P28004
DAA09006.1,P36054
DAA12049.1,P38994
DAA12483.2,P43612
DAA06794.1,P38812
DAA08827.1,P37020
DAA11345.1,Q02895
DAA11631.1,Q07688
DAA09426.1,Q12127
DAA10933.1,Q99189
DAA09750.1,P12684
DAA10162.2,P38430
DAA12361.1,P22108
DAA12476.1,P00127
DAA08702.1,P40856
DAA12055.1,P32501
DAA08962.1,P36039
DAA07680.1,Q04739
DAA08836.1,P21373
DAA08302.1,P42941
DAA09405.1,P52893
DAA08193.1,P53258
DAA07029.1,P38172
DAA10177.1,P48510
DAA10317.1,P53855
DAA11564.1,Q06525
DAA11947.1,Q03860
DAA12123.1,P15442
DAA11896.1,Q04311
DAA10164.1,P38428
DAA12243.1,Q04179
DAA08903.1,P47155
DAA08517.1,P40318
DAA10886.1,Q99210
DAA11422.1,Q12200
DAA08031.1,P10961
DAA09100.1,P35729
DAA10893.1,Q12108
DAA10890.1,Q99394
DAA11411.1,Q02733
DAA12271.1,Q04080
DAA12044.1,Q03956
DAA10695.1,Q12180
DAA12340.1,P48813
DAA12071.1,Q04934
DAA09776.1,P25297
DAA12179.1,P21771
DAA12220.1,Q06406
DAA11847.1,Q03441
DAA08631.1,P26755
DAA06937.1,P39721
DAA11308.1,Q02932
DAA11500.1,Q06819
DAA10510.1,P53962
DAA08630.1,P39005
DAA11497.1,Q06815
DAA10390.1,P53895
DAA10554.1,P27514
DAA12046.1,Q03455
DAA08015.1,P52920
DAA09564.1,P39931
DAA09946.1,Q02630
DAA07800.1,P40084
DAA12002.1,Q12163
DAA10928.1,Q99312
DAA08612.1,P39540
DAA08304.1,P42942
DAA11049.1,Q12305
DAA08289.1,P46949
DAA09797.1,Q04201
DAA09620.1,P04821
DAA08884.1,P35127
DAA06744.1,P00427
DAA08018.1,P53152
DAA12009.1,Q12427
DAA10299.2,P53846
DAA07768.1,P40066
DAA10701.1,Q12292
DAA08681.1,P46969
DAA06693.1,P87108
DAA09308.1,Q07800
DAA08920.1,P57744
DAA07139.1,P38217
DAA10371.2,P53878
DAA10250.1,P42843
DAA12423.1,P43577
DAA10271.1,P53829
DAA09918.1,P50264
DAA08276.1,P53299
DAA09517.1,Q05778
DAA09301.1,Q3E731
DAA11808.1,P20604
DAA06894.1,P38698
DAA12304.2,Q03327
DAA09840.1,Q04964
DAA11262.1,P21592
DAA07749.1,P40059
DAA07899.1,P53082
DAA10146.1,Q3E846
DAA10396.1,P53900
DAA10658.1,P22133
DAA10249.1,P26754
DAA11592.1,P24482
DAA09907.1,Q03677
DAA12218.1,P48360
DAA10020.1,Q03880
DAA12302.1,Q03322
DAA07083.1,P38197
DAA12106.1,Q12331
DAA07206.1,O43137
DAA11902.1,Q12025
DAA11421.1,Q12308
DAA12120.1,Q05636
DAA09112.1,P20457
DAA09220.1,P36150
DAA11185.1,Q12184
DAA12070.1,P39081
DAA07214.1,P00635
DAA10036.1,P38615
DAA08544.1,Q3E7Z5
DAA10567.1,P53727
DAA10947.1,Q08548
DAA11967.1,Q04603
DAA12317.1,P39904
DAA12089.1,Q03786
DAA12368.1,Q03034
DAA10233.1,P32561
DAA07449.1,P25373
DAA11084.1,Q12096
DAA12370.2,Q03049
DAA07213.1,P24031
DAA10756.1,Q92325
DAA08524.1,P16370
DAA11385.1,Q03308
DAA10823.1,Q12320
DAA09777.1,Q00582
DAA11659.1,P28789
DAA11090.1,P33328
DAA08813.1,P47095
DAA07878.1,P53067
DAA11236.1,Q08954
DAA06944.1,P39727
DAA10393.1,P53898
DAA11377.1,P54070
DAA10138.1,Q05031
DAA07779.1,P40074
DAA06807.1,P38821
DAA09988.1,P32832
DAA09309.1,Q12287
DAA09018.1,P35718
DAA12399.1,P43561
DAA07644.1,P40002
DAA12288.1,Q04120
DAA07446.1,P25568
DAA07762.1,P39945
DAA09326.1,Q07914
DAA10375.2,P53882
DAA07534.1,P25638
DAA11765.1,P52867
DAA08860.1,P47123
DAA09311.1,Q07799
DAA08769.1,P47061
DAA06969.1,P31380
DAA10732.1,P21182
DAA11652.1,Q02774
DAA10444.1,P50944
DAA11029.1,Q08726
DAA07123.1,P35196
DAA07194.2,P38244
DAA10937.1,Q99321
DAA10480.1,P53616
DAA07928.1,P04037
DAA07394.1,P38351
DAA11854.1,P40317
DAA09501.1,Q06263
DAA08744.1,P47045
DAA07598.1,P39984
DAA07375.1,P38337
DAA11913.1,Q12454
DAA08508.1,P40532
DAA11118.1,Q08826
DAA10301.1,P53847
DAA08821.1,P47103
DAA08615.1,P39543
DAA12043.1,Q03954
DAA10159.1,Q03496
DAA07280.1,P38116
DAA09920.1,Q02159
DAA07445.1,P25569
DAA07696.1,P40029
DAA07196.1,P38247
DAA08449.1,P40486
DAA09615.1,P52491
DAA07499.1,Q9URQ5
DAA07315.1,P38131
DAA10575.1,P50278
DAA07641.1,P28263
DAA07528.1,P25631
DAA09207.1,P33753
DAA10504.1,P53959
DAA11714.1,Q07589
DAA08606.1,P39531
DAA11943.2,Q03835
DAA11041.1,Q12033
DAA10648.1,Q08280
DAA09402.1,Q12267
DAA09805.1,Q04493
DAA09046.1,P14164
DAA11914.1,P54858
DAA11997.1,P50106
DAA12161.1,Q06677
DAA09361.1,P22217
DAA11333.1,Q02888
DAA07228.1,P06787
DAA11301.1,P19516
DAA11499.1,Q06817
DAA11212.2,Q08970
DAA10911.1,Q12242
DAA08014.1,P49687
DAA08542.1,P22804
DAA08117.1,P53212
DAA09630.1,Q06168
DAA10334.1,P53538
DAA11739.1,Q07541
DAA06873.1,P38869
DAA10413.1,P20081
DAA08036.1,P53165
DAA11696.1,P06100
DAA09788.1,P49017
DAA06700.1,P38705
DAA11941.1,Q03833
DAA09508.1,Q06321
DAA07291.1,P38122
DAA08213.1,P40260
DAA10837.1,P50275
DAA11863.1,Q12494
DAA10158.1,Q04847
DAA09590.1,Q06224
DAA09687.1,Q06708
DAA09802.1,P54787
DAA12262.1,P32578
DAA10548.1,P40344
DAA12465.1,P38635
DAA10723.1,Q12296
DAA10325.1,P53858
DAA08456.1,P40492
DAA07019.1,P38164
DAA09697.1,P20795
DAA09974.1,Q04264
DAA09375.1,Q12205
DAA07717.1,P40038
DAA11399.1,Q02648
DAA12144.1,P49775
DAA09117.1,P32857
DAA07359.1,P07286
DAA09381.1,Q12144
DAA07322.2,P38139
DAA06698.1,P38758
DAA07022.1,P38167
DAA08174.1,P53251
DAA08241.1,P48236
DAA10468.1,P53940
DAA08837.1,P21374
DAA11903.1,Q99220
DAA09936.1,P33748
DAA07489.1,P25371
DAA08480.1,P40513
DAA08875.1,P47135
DAA11472.1,Q12181
DAA07934.1,P53104
DAA08205.1,P53265
DAA06884.1,P38878
DAA07360.1,P38143
DAA07307.1,P38304
DAA10484.1,P41814
DAA08390.1,P00724
DAA08753.1,P47050
DAA08532.1,P40549
DAA11927.1,P38959
DAA10990.1,P33894
DAA10706.1,P81451
DAA11724.1,P23594
DAA09937.1,P40202
DAA11418.1,P53600
DAA07439.1,P25576
DAA09869.1,Q03714
DAA09050.1,P34251
DAA08678.1,P47017
DAA06962.2,P39524
DAA06753.1,P38784
DAA11811.1,P38913
DAA06831.1,P38841
DAA07633.1,P39994
DAA08627.1,P46989
DAA10117.1,Q03660
DAA11794.1,Q07395
DAA09955.1,P04710
DAA10688.1,P27680
DAA11366.1,Q02767
DAA12451.1,P43594
DAA07068.1,P34217
DAA09553.1,Q06005
DAA08975.1,P32461
DAA10569.1,P53729
DAA10434.1,P28000
DAA10563.1,P53724
DAA08042.1,P53169
DAA10855.1,Q08491
DAA08829.1,P46673
DAA07951.1,P53108
DAA07496.1,P23060
DAA11346.1,Q02896
DAA07830.1,P21269
DAA10436.1,P40312
DAA09432.1,Q12354
DAA09191.1,P36132
DAA10182.1,P23797
DAA07990.1,P27697
DAA12488.1,P43617
DAA08499.1,P40527
DAA08791.1,P47082
DAA07145.1,P29465
DAA10961.1,Q08561
DAA08338.1,P53314
DAA10296.1,P53845
DAA10901.1,P39083
DAA11566.1,Q06449
DAA12350.1,P32472
DAA09684.1,Q12749
DAA07912.1,P09620
DAA11076.1,Q12382
DAA08292.1,P42934
DAA11347.1,Q02908
DAA07916.1,P53093
DAA09522.1,P32339
DAA09168.1,P36110
DAA10558.1,P32897
DAA08435.1,Q00245
DAA08768.1,P40958
DAA08530.1,P12630
DAA06817.1,P22140
DAA08500.1,P40528
DAA11928.1,P32896
DAA07451.1,P25566
DAA12433.1,P43583
DAA08412.1,P38928
DAA12447.1,P43591
DAA08916.2,P46970
DAA10798.1,Q12450
DAA06776.1,P38801
DAA08741.1,P47042
DAA12108.1,P39010
DAA09223.1,P36024
DAA08688.1,P47025
DAA11281.1,P22216
DAA08450.1,P40487
DAA12222.1,Q3E785
DAA07385.1,P38345
DAA09602.1,Q05892
DAA10518.1,P53969
DAA09344.1,Q01590
DAA10692.1,Q12010
DAA11493.1,P40347
DAA09374.1,P32353
DAA10995.1,P20436
DAA12415.1,P43571
DAA12303.1,Q03323
DAA11846.1,Q03435
DAA10774.1,Q92328
DAA08309.1,P53305
DAA10067.1,Q03212
DAA09532.1,Q05791
DAA06993.2,P27637
DAA10730.1,Q08223
DAA07383.2,P38344
DAA07349.1,P69850
DAA09031.1,P36068
DAA10234.1,P33760
DAA09666.1,P23561
DAA07895.1,P53078
DAA06725.1,P38768
DAA07553.1,P25372
DAA10194.1,Q03557
DAA12362.1,Q04430
DAA07229.1,P16661
DAA07533.1,P25637
DAA10223.1,Q04902
DAA09554.1,P22543
DAA07877.1,P53066
DAA08573.1,Q02256
DAA10532.1,P53980
DAA10932.1,Q12330
DAA10702.1,P35193
DAA11080.1,P32798
DAA11439.1,Q12251
DAA07896.1,P53079
DAA12460.2,P34756
DAA08577.1,P32460
DAA07189.1,P38242
DAA07136.1,P38068
DAA08230.1,P53283
DAA11019.1,Q08687
DAA11217.1,Q08966
DAA06808.1,P38822
DAA11005.1,P07807
DAA11584.1,P18408
DAA11769.1,Q12066
DAA12063.1,Q04924
DAA08520.1,P40541
DAA07392.1,P38148
DAA12069.1,P11978
DAA11752.1,P06242
DAA08622.1,P46984
DAA08969.1,P24004
DAA06928.1,P39713
DAA08668.1,P10566
DAA12175.1,Q05468
DAA11767.1,Q12229
DAA09456.1,Q12455
DAA09089.1,Q02629
DAA07514.1,P25359
DAA07941.1,Q02199
DAA10392.1,P53897
DAA12038.1,P42073
DAA09286.1,Q07845
DAA08580.1,P40578
DAA10295.1,P53844
DAA06900.1,P38890
DAA08774.1,P47064
DAA10178.1,Q03254
DAA09044.1,P22936
DAA11114.1,Q08817
DAA08455.1,P40491
DAA07084.1,P38121
DAA10770.1,Q08109
DAA06838.1,P06773
DAA10549.1,P40345
DAA11905.1,P15732
DAA09098.1,P35728
DAA08698.1,P39677
DAA09124.1,P33417
DAA08844.1,P00572
DAA08834.1,P19211
DAA10056.1,Q03823
DAA11842.1,P35182
DAA08971.1,P36046
DAA09137.1,Q3E7A7
DAA10121.1,Q05015
DAA07650.1,P40006
DAA09152.1,P36106
DAA12459.1,P43599
DAA08125.1,P27882
DAA11931.1,P38962
DAA09865.1,Q03707
DAA06974.1,P31377
DAA06706.1,P32792
DAA11297.1,Q03016
DAA09394.1,P25385
DAA07965.1,P33891
DAA09758.1,P41733
DAA12111.1,Q05583
DAA07181.1,P38238
DAA08737.1,P40368
DAA06714.1,P08964
DAA07388.1,P38348
DAA11113.1,Q08816
DAA06942.1,P39726
DAA11604.1,Q06580
DAA09830.1,Q04651
DAA12408.1,P43565
DAA08701.1,P40955
DAA07944.1,P32579
DAA11567.1,Q12374
DAA06724.1,P38690
DAA08751.1,P47049
DAA35095.1,Q8TGU7
DAA07187.2,P38084
DAA11474.1,Q03503
DAA10556.1,P53720
DAA08465.1,P40501
DAA10808.1,P26449
DAA10398.1,P17890
DAA07329.1,P15807
DAA08877.1,P45976
DAA07452.1,P25344
DAA10718.1,Q08227
DAA11838.1,Q12438
DAA07904.1,P32912
DAA12189.1,Q06325
DAA09814.1,Q04533
DAA11716.1,Q07560
DAA11223.1,Q08963
DAA10655.1,Q12016
DAA08579.1,P32459
DAA07948.1,P53107
DAA08021.1,P53154
DAA07564.1,P25366
DAA11238.1,Q08952
DAA11557.1,Q06512
DAA11583.1,P10663
DAA07469.1,Q8J0M4
DAA08019.1,P40957
DAA09518.1,P52553
DAA11228.1,Q08961
DAA07740.1,P40052
DAA11925.1,P38958
DAA09435.1,Q12303
DAA08353.1,P53324
DAA09786.1,P46963
DAA09116.1,P32860
DAA08788.1,P47081
DAA07687.1,P40022
DAA11319.1,P32873
DAA07357.1,P38142
DAA11438.1,A5Z2X5
DAA08543.1,P40558
DAA09555.1,Q06538
DAA08045.1,P53171
DAA07358.1,P38331
DAA10115.1,Q03656
DAA08704.1,P40858
DAA06733.1,P34162
DAA10309.1,P12753
DAA10486.1,P53946
DAA08182.1,P53253
DAA08326.1,P50087
DAA08251.1,P53289
DAA11740.1,Q07540
DAA07871.1,P22434
DAA07242.1,P38089
DAA06958.1,P31109
DAA06717.1,P23968
DAA12482.1,P43611
DAA09082.1,P36084
DAA10737.1,Q08217
DAA07531.1,P25355
DAA07660.1,P33331
DAA08482.1,P32844
DAA09735.1,Q06672
DAA10970.1,Q08581
DAA08108.1,P53204
DAA09854.1,Q04711
DAA06829.1,P38839
DAA11331.1,Q02884
DAA08005.1,P53144
DAA10335.1,P41812
DAA07648.1,P40005
DAA10982.1,P22139
DAA12240.1,Q92317
DAA11200.1,Q12003
DBA54441.1,P9WEJ3
DAA07807.1,P40089
DAA10127.1,P14908
DAA08348.1,P53320
DAA10698.1,Q3E835
DAA09115.1,P36095
DAA10999.1,Q12206
DAA07156.1,P35206
DAA11601.1,Q06628
DAA08364.1,P53331
DAA08267.1,P53039
DAA08104.1,P33411
DAA10833.1,Q08422
DAA12084.1,P35056
DAA08463.1,P40499
DAA06803.1,P38818
DAA07788.1,P40080
DAA08539.1,P40555
DAA08414.1,P40414
DAA06941.1,Q3E793
DAA09163.1,Q02205
DAA10242.1,P42840
DAA08080.1,P53193
DAA09019.1,P34078
DAA08218.1,P53273
DAA11697.1,P04819
DAA12426.1,P43579
DAA08977.1,P32464
DAA09251.1,P36169
DAA09129.1,P36102
DAA10110.1,Q03652
DAA11783.1,Q07458
DAA09404.1,P39012
DAA10251.1,P42844
DAA10381.1,Q02100
DAA09939.1,Q04210
DAA10494.1,P53951
DAA06804.1,P38819
DAA11657.1,Q12315
DAA11581.1,Q06211
DAA06978.2,P18409
DAA07379.1,P38341
DAA10367.2,P53874
DAA09206.1,Q00246
DAA10074.1,Q03218
DAA07369.1,P32570
DAA10534.1,P53982
DAA08054.1,P53178
DAA07465.1,P04173
DAA10525.1,P53974
DAA07994.1,P53134
DAA10472.1,P32048
DAA10934.1,Q12412
DAA10676.1,Q12239
DAA10988.1,Q12234
DAA10099.1,Q03691
DAA08065.1,P27705
DAA06980.1,P18411
DAA08056.1,P25299
DAA09240.2,P36166
DAA07126.1,P38212
DAA08127.1,P53219
DAA09238.1,P36164
DAA08110.1,P53207
DAA07270.1,P33313
DAA08850.1,P32529
DAA11065.1,Q08754
DAA06797.1,P38814
DAA09835.1,P33441
DAA07730.1,P40045
DAA12041.1,Q03942
DAA11682.1,Q12301
DAA09826.1,Q04632
DAA07892.1,Q92316
DAA08197.1,P32585
DAA07706.1,P40033
DAA10803.1,Q3E824
DAA10437.1,P53927
DAA11202.1,P32842
DAA10358.1,P40168
DAA08059.2,P0C5N3
DAA07903.1,Q02793
DAA12443.1,P43587
DAA07625.1,P25515
DAA09162.1,Q02204
DAA09154.1,P28778
DAA07034.1,P38175
DAA09506.1,Q06315
DAA12202.1,O94742
DAA09803.1,Q04489
DAA11487.1,Q12425
DAA07492.1,P25616
DAA10497.1,P53954
DAA10784.1,Q12001
DAA09155.1,P36108
DAA08913.2,P47163
DAA09041.1,P32341
DAA10593.1,P39008
DAA09595.1,Q05874
DAA10093.1,Q3E7A9
DAA10984.1,P18851
DAA07453.1,P25368
DAA07231.1,Q6WNK7
DAA12294.1,Q03290
DAA08655.1,P46958
DAA12292.1,Q03281
DAA12208.1,Q06346
DAA10491.1,P53950
DAA06887.1,P38881
DAA08136.1,P53224
DAA12119.1,Q05635
DAA08041.1,P53168
DAA12112.1,P04803
DAA08199.1,P53262
DAA08236.2,P48234
DAA11467.1,Q12221
DAA09569.1,P0C2I8
DAA08720.1,P47032
DAA11055.1,Q12697
DAA09104.1,O60200
DAA07384.1,P36532
DAA11866.1,Q12084
DAA09236.1,P15938
DAA09669.1,Q05926
DAA07237.1,P32605
DAA10509.1,P53615
DAA12095.1,Q12508
DAA07114.1,P38210
DAA10651.1,Q08273
DAA10252.1,P42845
DAA08288.1,P46948
DAA09971.1,Q04772
DAA11919.1,P38956
DAA09304.1,Q12431
DAA06966.1,P31381
DAA09358.1,P40395
DAA09319.1,Q07895
DAA08102.1,P53203
DAA08921.1,P47168
DAA07540.1,P25641
DAA07222.1,P38262
DAA11541.1,Q06497
DAA10004.1,Q04438
DAA11291.1,Q12245
DAA09736.1,Q06673
DAA11191.1,Q12270
DAA12018.1,P32494
DAA07637.1,P39996
DAA12152.1,Q06651
DAA09406.1,P39102
DAA07247.1,P38272
DAA06899.1,P38889
DAA07078.1,P18414
DAA12397.1,P43560
DAA12378.1,P43542
DAA06742.1,P38778
DAA12458.1,P43598
DAA09292.1,Q07824
DAA08874.1,P24814
DAA11647.1,Q12328
DAA08586.1,P40583
DAA08105.1,P33412
DAA11923.1,Q01589
DAA07526.1,P25628
DAA06816.1,P38829
DAA09087.1,P36088
DAA10899.1,P41735
DAA11814.1,P06700
DAA08538.1,P40554
DAA07256.1,P18963
DAA11435.1,Q12753
DAA09741.1,Q12745
DAA11560.1,Q06522
DAA08703.1,P40857
DAA08885.1,P47140
DAA08750.1,P47048
DAA07846.1,P40099
DAA07251.1,P20486
DAA08044.1,P06104
DAA09099.1,P32774
DAA09968.1,P54785
DAA09246.1,Q3E833
DAA07025.1,Q12260
DAA11636.1,P25044
DAA07061.1,P34224
DAA06940.1,P39724
DAA09727.1,Q06412
DAA10456.1,P06781
DAA07753.1,P40060
DAA10652.1,Q08271
DAA07016.1,P38162
DAA08639.2,P06244
DAA10186.1,Q03264
DAA10061.1,P32567
DAA07983.1,P53012
DAA10088.1,P35187
DAA11904.1,P54857
DAA09984.1,Q04299
DAA09395.1,P38634
DAA06854.1,P38856
DAA09057.1,P34248
DAA07298.1,P38298
DAA08025.1,P53157
DAA09820.1,Q03630
DAA10561.1,P53722
DAA07086.1,P38066
DAA09190.1,P36131
DAA10710.1,Q08232
DAA12237.1,Q04172
DAA10163.1,P38429
DAA09368.1,Q12155
DAA10136.1,Q05027
DAA08486.2,P40516
DAA12174.1,Q06683
DAA11812.1,P10849
DAA09784.1,Q03750
DAA11982.1,Q03919
DAA07624.1,P39988
DAA06779.1,P13574
DAA07757.1,P25454
DAA09816.1,Q04545
DAA08997.1,P36004
DAA09702.1,P32432
DAA08070.1,P53188
DAA11579.1,P54791
DAA06955.1,P28005
DAA11954.1,P46944
DAA12327.1,P23643
DAA09136.1,P29703
DAA10951.1,Q08553
DAA07081.1,P38064
DAA11417.1,Q12297
DAA08528.1,P40547
DAA07351.1,P38329
DAA11448.1,Q12139
DAA08680.1,P47019
DAA12367.1,P33751
DAA11126.1,Q08873
DAA07511.1,P25356
DAA10564.1,P53628
DAA08467.1,P40504
DAA12173.1,P49018
DAA12147.1,P47822
DAA08484.1,P21672
DAA10431.1,P30952
DAA11915.1,P32571
DAA10465.1,P53938
DAA12027.1,Q04004
DAA12047.1,Q03466
DAA11136.1,P40353
DAA10473.1,P53942
DAA07149.1,P38070
DAA10838.1,Q08448
DAA07966.1,P53118
DAA08576.1,P25335
DAA10342.1,P40155
DAA09739.1,P57743
DAA07521.1,P25361
DAA07787.1,P40079
DAA09128.1,P36014
DAA09016.1,P36062
DAA08212.1,P53271
DAA06936.2,P39720
DAA08669.1,P47014
DAA09005.1,P36053
DAA09370.1,Q12345
DAA07933.1,P40956
DAA12134.1,Q06629
DAA12413.1,P43570
DAA11264.1,Q12091
DAA10572.1,P32838
DAA11793.1,P50623
DAA08064.1,P53185
DAA09866.1,P06778
DAA07032.1,Q6Q595
DAA10519.1,P47821
DAA07953.1,P53110
DAA11070.1,O14468
DAA10996.1,Q12056
DAA12440.1,P31115
DAA11120.1,Q08831
DAA10236.2,P42835
DAA09724.1,Q06409
DAA09306.1,Q07804
DAA09664.1,Q05924
DAA06911.1,P0C2I4
DAA08357.1,P40325
DAA07151.1,P38222
DAA10865.1,Q12324
DAA07381.1,P38146
DAA10029.1,P40206
DAA10313.1,P53853
DAA07833.1,P06839
DAA11447.1,Q12482
DAA11619.1,Q07788
DAA07675.1,P32569
DAA10429.1,P53923
DAA06656.1,P38738
DAA07102.1,P38208
DAA09266.1,Q12198
DAA08545.1,P40559
DAA10595.1,P53743
DAA10382.1,P53890
DAA07572.1,P25608
DAA07040.2,P38042
DAA10881.1,Q12241
DAA08999.1,P05986
DAA11709.1,Q12142
DAA10587.1,P53738
DAA08839.1,P06779
DAA09905.1,Q03674
DAA09849.1,Q04689
DAA08168.1,Q00723
DAA10304.1,P53849
DAA09956.1,P38993
DAA11006.1,P35843
DAA09313.1,P41800
DAA08151.1,P50276
DAA07803.1,P22134
DAA07000.1,P39548
DAA08489.1,Q00916
DAA12169.1,Q06681
DAA12146.1,Q06644
DAA09667.1,Q12129
DAA12198.1,Q06337
DAA08709.1,P47026
DAA11144.1,Q08909
DAA07773.1,P40071
DAA10545.1,P32910
DAA11779.1,Q07471
DAA08234.1,P33336
DAA09121.1,P36096
DAA07309.1,P13712
DAA09728.1,Q06417
DAA07241.1,P32367
DAA11978.1,Q03900
DAA07563.1,P25656
DAA06732.1,P38772
DAA12461.1,P43601
DAA07362.1,P38332
DAA06672.1,P38746
DAA10946.1,Q12343
DAA07655.1,P40009
DAA10339.1,P40152
DAA08854.1,P47118
DAA12227.1,Q12493
DAA07072.1,P38193
DAA08206.1,P53266
DAA10273.1,P53830
DAA11085.1,P47190
DAA10442.1,P32389
DAA09732.1,Q06671
DAA10167.1,P28239
DAA09004.1,P36005
DAA08012.1,P53010
DAA11712.1,Q12342
DAA08578.1,P21826
DAA06787.1,P38714
DAA08909.1,P47159
DAA08163.1,P53244
DAA09914.1,P53438
DAA07473.1,P25604
DAA11329.1,P15179
DAA10785.1,P25036
DAA07901.1,P53086
DAA07461.1,P25389
DAA10650.1,Q08278
DAA11964.1,Q04602
DAA11609.1,Q06592
DAA12127.1,Q05533
DAA07048.1,P32357
DAA12080.1,Q03780
DAA08684.1,P46955
DAA11209.1,P40350
DAA12141.1,Q06636
DAA11284.1,Q12417
DAA11860.1,Q99359
DAA07761.1,P33296
DAA10488.1,P53949
DAA11337.1,Q02890
DAA07869.1,P53060
DAA06975.2,P31385
DAA06710.1,P38711
DAA06847.1,P38850
DAA10360.2,P53870
DAA09333.1,P43132
DAA11756.1,P43122
DAA07467.1,P25559
DAA10599.1,P50277
DAA06773.1,P32361
DAA08119.1,P53215
DAA11147.1,Q08911
DAA10071.1,P50263
DAA11362.1,Q12051
DAA06968.2,P31386
DAA06727.1,P38770
DAA09398.1,Q12020
DAA10915.1,Q92393
DAA10333.1,P53867
DAA08611.1,P39538
DAA08803.1,P47086
DAA08502.1,P39014
DAA12391.1,P43554
DAA08201.1,P32943
DAA08667.1,Q3E7A3
DAA07808.1,P40090
DAA07174.1,P19735
DAA07212.1,P32830
DAA11955.1,Q04585
DAA09542.1,Q05949
DAA08777.1,P47069
DAA11457.1,Q12311
DAA09071.1,Q00873
DAA12130.1,Q05549
DAA07088.1,P38200
DAA11737.1,Q07549
DAA07331.1,Q01448
DAA09853.1,P39682
DAA07290.1,P38123
DAA09380.1,Q12291
DAA09559.1,Q06549
DAA11253.1,Q08923
DAA08907.1,P47158
DAA10962.1,P32603
DAA11594.1,P20053
DAA07861.1,P53058
DAA07609.1,P32617
DAA07505.1,P25353
DAA07020.1,P38165
DAA12048.1,P39001
DAA07959.1,P53112
DAA09028.2,P35999
DAA07550.1,P25646
DAA07520.1,P23255
DAA07038.1,P38177
DAA10665.1,Q08268
DAA07455.1,P11709
DAA06813.1,P38827
DAA06677.1,P38749
DAA07561.1,P25336
DAA10185.1,P32807
DAA10994.1,Q12015
DAA06666.1,P38700
DAA09639.1,P36027
DAA08923.1,P47170
DAA11325.1,Q02872
DAA06984.1,P39702
DAA07468.1,P25558
DAA09884.1,P49957
DAA80343.1,Q02781
DAA09123.1,P36097
DAA10705.1,Q08236
DAA07982.1,P38633
DAA09985.1,Q04301
DAA06751.1,P38782
DAA12322.1,Q03406
DAA09719.1,Q06696
DAA09493.1,Q06247
DAA09439.1,Q12395
DAA12064.1,Q04925
DAA09904.1,P50105
DAA07921.1,P53096
DAA12290.1,Q04121
DAA08426.1,P40470
DAA10011.1,Q04471
DAA11183.1,Q12060
DAA08139.1,P14681
DAA11452.1,P48016
DAA11786.1,Q07454
DAA10700.1,Q12252
DAA11999.1,P46674
DAA07218.2,P22219
DAA08392.1,P27796
DAA10156.1,P10174
DAA09449.1,Q99271
DAA10714.1,P33895
DAA08670.1,P47015
DAA08245.1,P48239
DAA12236.1,P06844
DAA10715.1,P53685
DAA07702.1,P39955
DAA09754.1,Q06179
DAA08897.1,P47149
DAA08043.2,P53170
DAA10598.1,P53630
DAA07670.1,P40014
DAA07409.2,P38360
DAA09065.1,P23493
DAA09268.1,Q12177
DAA11646.1,Q07629
DAA11524.1,Q06104
DAA10969.1,P32773
DAA07810.1,P40091
DAA11145.1,P05066
DAA06676.1,P38748
DAA10622.1,Q08347
DAA09809.1,Q04511
DAA06750.1,P23285
DAA06849.1,P38852
DAA12486.1,P43615
DAA10521.1,P53970
DAA10475.1,P53507
DAA08249.1,P48240
DAA07713.1,P17064
DAA11983.1,Q03920
DAA09424.1,Q12259
DAA10400.1,P53904
DAA12003.1,Q03772
DAA10579.1,P53733
DAA07893.1,P53077
DAA08159.1,P32914
DAA09901.1,Q03667
DAA10268.1,P41821
DAA09729.1,Q06436
DAA10019.1,Q3E842
DAA07188.1,P38085
DAA06865.1,P38863
DAA09707.2,Q06070
DAA07555.1,P25651
DAA11051.1,Q12481
DAA11987.1,P53379
DAA07382.2,P38342
DAA07341.1,P38321
DAA10727.1,Q12326
DAA11926.1,Q3E7C1
DAA09151.1,P36105
DAA11298.1,Q03020
DAA06660.1,P18888
DAA12325.1,Q03429
DAA12162.1,P69851
DAA07024.1,Q12491
DAA08733.1,P40366
DAA08782.2,P47076
DAA11509.1,Q06835
DAA10106.1,P32874
DAA11837.1,Q12489
DAA06746.1,P0CX81
DAA08074.1,P40356
DAA12300.1,Q03305
DAA10049.1,Q03792
DAA10487.1,P53947
DAA12035.1,P49686
DAA07138.1,P38216
DAA07182.1,P38239
DAA07066.1,P34219
DAA07686.1,P40021
DAA11344.1,Q12224
DAA11463.1,Q3E752
DAA08143.1,P32338
DAA11687.1,Q12476
DAA10062.1,Q03829
DAA07085.1,P38198
DAA09691.1,Q06011
DAA09180.1,P36121
DAA06814.1,P25846
DAA10330.1,P53863
DAA10675.1,P13902
DAA06930.2,P39715
DAA11478.1,Q12004
DAA10788.1,Q12094
DAA08842.1,P46973
DAA10195.1,P36224
DAA09465.1,Q12338
DAA08077.1,P43633
DAA07393.1,P27344
DAA10568.1,P53728
DAA10663.1,P07280
DAA12030.1,Q04007
DAA10522.1,P53971
DAA12343.1,Q04406
DAA09385.1,Q12247
DAA11845.1,Q12158
DAA08300.1,P42939
DAA09024.1,P69852
DAA12192.1,Q06328
DAA10874.1,Q12274
DAA07425.1,P25588
DAA09323.1,Q04673
DAA07443.1,P25572
DAA09369.1,Q12035
DAA09184.1,P36124
DAA10278.1,P53833
DAA09324.1,Q07084
DAA07436.1,P25577
DAA11384.1,Q03071
DAA11957.1,P52892
DAA10297.1,P21951
DAA11443.1,P32601
DAA11479.1,Q99177
DAA09178.1,P36119
DAA08756.1,P32806
DAA09391.1,Q08004
DAA11251.1,O14464
DAA09584.1,Q06152
DAA07541.1,P25334
DAA08982.1,P08432
DAA11403.1,Q12505
DAA11699.1,Q3E829
DAA07122.1,P35172
DAA09539.1,P39520
DAA11894.1,P41815
DAA07957.1,P18898
DAA11893.1,Q04307
DAA10590.1,P53604
DAA07289.1,P38293
DAA12251.1,Q04195
DAA06668.1,P38745
DAA11862.1,Q12248
DAA12414.2,D6VTK4
DAA12210.1,P33301
DAA11921.1,P32345
DAA07645.1,P39953
DAA07042.1,P38180
DAA07606.1,P32613
DAA10704.1,Q08237
DAA08471.1,P40507
DAA08925.1,P47171
DAA10551.1,P33308
DAA10775.1,Q08058
DAA06973.1,P31378
DAA07548.1,P25659
DAA07792.1,P32634
YAL066W_W303,P39710
YAL067C_W303,P39709
YPL179W_W303,P32945
YPL180W_W303,Q08921
YPL181W_W303,Q08923
YPL183C_W303,Q08924
YPL184C_W303,Q08925
YPL186C_W303,Q08926
YPL187W_W303,P01149
YPL188W_W303,Q06892
YPL189W_W303,Q08929
YPL190C_W303,P38996
YPL191C_W303,Q08930
YPL192C_W303,Q08931
YPL193W_W303,Q08932
YPL194W_W303,Q08949
YPL195W_W303,Q08951
YPL196W_W303,Q08952
YPL199C_W303,Q08954
YPL200W_W303,Q08955
YPL201C_W303,Q08956
YPL202C_W303,Q08957
YPL203W_W303,P06245
YPL204W_W303,P29295
YPL205C_W303,Q08958
YPL206C_W303,Q08959
YPL207W_W303,Q08960
YPL208W_W303,Q08961
YPL209C_W303,P38991
YPL210C_W303,P38688
YPL211W_W303,Q08962
YPL212C_W303,Q12211
YPL213W_W303,Q08963
YPL214C_W303,P41835
YPL215W_W303,P21560
YPL216W_W303,Q08964
YPL217C_W303,Q08965
YPL219W_W303,Q08966
YPL221W_W303,Q08967
YPL222W_W303,Q08968
YPL223C_W303,Q08969
YPL224C_W303,Q08970
YPL225W_W303,Q08971
YPL226W_W303,Q08972
YPL227C_W303,P40350
YPL228W_W303,O13297
YPL229W_W303,Q99395
YPL230W_W303,Q12132
YPL231W_W303,P19097
YPL232W_W303,P32867
YPL233W_W303,Q12143
YPL234C_W303,P32842
YPL235W_W303,Q12464
YPL236C_W303,Q12003
YPL237W_W303,P09064
YPL239W_W303,P46683
YGL063W_W303,P53167
YGL064C_W303,P53166
YGL065C_W303,P43636
YGL066W_W303,P53165
YGL067W_W303,P53164
YGL068W_W303,P53163
YGL070C_W303,P27999
YGL071W_W303,P22149
YGL073W_W303,P10961
YGL075C_W303,P53159
YGL077C_W303,P19807
YGL078C_W303,P20447
YGL079W_W303,P53158
YGL080W_W303,P53157
YGL081W_W303,P53156
YGL082W_W303,P53155
YGL083W_W303,P53009
YGL084C_W303,P53154
YGL085W_W303,P53153
YGL086W_W303,P40957
YGL087C_W303,P53152
YGL088W_W303,P53151
YGL089C_W303,P32435
YGL090W_W303,P53150
YGL091C_W303,P52920
YGL092W_W303,P49687
YGL093W_W303,P53148
YGL094C_W303,P53010
YGL095C_W303,P38932
YGL096W_W303,P53147
YGL097W_W303,P21827
YLL025W_W303,Q12370
YLL026W_W303,P31539
YLL027W_W303,Q07821
YLL028W_W303,Q07824
YLL029W_W303,Q07825
YLL030C_W303,Q07829
YLL031C_W303,Q07830
YLL032C_W303,Q07834
YLL033W_W303,Q07843
YLL034C_W303,Q07844
YLL035W_W303,Q07845
YLL036C_W303,P32523
YLL038C_W303,Q07872
YLL039C_W303,P0CG63
YLL040C_W303,Q07878
YLL041C_W303,P21801
YLL042C_W303,Q07879
YLL043W_W303,P23900
YLL045C_W303,P29453
YLL046C_W303,P32385
YLL048C_W303,P32386
YLL049W_W303,Q07887
YLL050C_W303,Q03048
YLL051C_W303,Q12473
YLL052C_W303,P0CD90
YLL054C_W303,Q12244
YLL055W_W303,Q12235
YLL056C_W303,Q12177
YLL057C_W303,Q12358
YLL058W_W303,Q12198
YLL059C_W303,Q12336
YLL060C_W303,Q12390
YLL061W_W303,Q12372
YLL062C_W303,Q12525
YLL063C_W303,Q12226
YKR074W_W303,P36154
YKR075C_W303,P36155
YKR076W_W303,P36156
YKR077W_W303,P36157
YKR078W_W303,P36158
YKR079C_W303,P36159
YKR080W_W303,Q02046
YKR081C_W303,P36160
YKR082W_W303,P36161
YKR083C_W303,P36162
YKR084C_W303,P32769
YKR085C_W303,P22354
YKR086W_W303,P15938
YKR087C_W303,P36163
YKR088C_W303,P36164
YKR089C_W303,P36165
YKR090W_W303,P36166
YKR091W_W303,P36167
YKR092C_W303,P32583
YKR093W_W303,P32901
YKR095W_W303,Q02455
YKR096W_W303,P36168
YKR097W_W303,P10963
YKR098C_W303,P36026
YKR099W_W303,P22035
YKR100C_W303,P36169
YKR101W_W303,P21691
YKR103W_W303,P0CE68
YKR104W_W303,P0CE69
YKR105C_W303,P36172
YOR343C_W303,Q12484
YOR342C_W303,Q12182
YOR341W_W303,P10964
YOR340C_W303,P46669
YOR339C_W303,P52492
YOR338W_W303,Q99326
YOR337W_W303,P47988
YOR336W_W303,P22023
YOR335C_W303,P40825
YOR334W_W303,Q01926
YOR332W_W303,P22203
YOR330C_W303,P15801
YOR329C_W303,P34758
YOR328W_W303,P51533
YOR327C_W303,P33328
YOR326W_W303,P19524
YOR324C_W303,Q99332
YOR323C_W303,P54885
YOR322C_W303,Q12502
YOR321W_W303,P47190
YOR320C_W303,Q12096
YOR319W_W303,Q99181
YOR317W_W303,P30624
YOR316C_W303,P32798
YOR315W_W303,Q12507
YOR314W_W303,Q12506
YOR313C_W303,P09937
YOR311C_W303,Q12382
YOR310C_W303,Q12499
YOR308C_W303,Q12420
YOR307C_W303,P22215
YOR306C_W303,Q08777
YOR305W_W303,Q08774
YOR304W_W303,Q08773
YOR303W_W303,P07258
YOR301W_W303,Q08760
YOR299W_W303,Q08754
YOR298C-A_W303,O14467
YOR298W_W303,Q08750
YOR297C_W303,Q08749
YOR296W_W303,Q08748
YOR295W_W303,Q08747
YOR294W_W303,Q08746
YOR292C_W303,Q08743
YOR291W_W303,Q12697
YOR290C_W303,P22082
YOR289W_W303,Q12012
YOR288C_W303,Q12404
YOR287C_W303,Q12481
YOR286W_W303,Q08742
YOR285W_W303,Q12305
YOR284W_W303,Q12134
YOR283W_W303,Q12040
YOR281C_W303,Q12017
YOR280C_W303,Q99369
YOR279C_W303,Q12192
YOR278W_W303,P06174
YOR276W_W303,P12962
YOR275C_W303,Q12033
YOR274W_W303,P07884
YOR273C_W303,Q12256
YOR272W_W303,Q12024
YOR271C_W303,Q12029
YOR270C_W303,P32563
YOR269W_W303,P39946
YOR268C_W303,Q08734
YOR267C_W303,Q08732
YOR266W_W303,P38969
YOR265W_W303,P48606
YOR264W_W303,Q08729
YOR262W_W303,Q08726
YOR261C_W303,Q08723
YOR260W_W303,P09032
YOR259C_W303,P53549
YOR258W_W303,Q08702
YOR257W_W303,P06704
YOR256C_W303,Q08693
YOR255W_W303,Q08692
YOR254C_W303,P14906
YOR253W_W303,Q08689
YOR252W_W303,Q08687
YOR251C_W303,Q08686
YOR250C_W303,Q08685
YOR249C_W303,Q08683
YOR247W_W303,Q08673
YOR246C_W303,Q08651
YOR245C_W303,Q08650
YOR244W_W303,Q08649
YOR243C_W303,Q08647
YOR242C_W303,Q08646
YOR241W_W303,Q08645
YOR238W_W303,Q08634
YOR237W_W303,P35843
YOR236W_W303,P07807
YOR235W_W303,Q08630
YOR234C_W303,P41056
YOR233W_W303,Q01919
YOR232W_W303,P38523
YOR231W_W303,P32490
YOR230W_W303,Q12363
YOR229W_W303,Q12206
YOR228C_W303,Q12106
YOR227W_W303,Q12276
YOR226C_W303,Q12056
YOR224C_W303,P20436
YOR223W_W303,Q12015
YOR222W_W303,Q99297
YOR221C_W303,Q12283
YOR220W_W303,Q12044
YOR219C_W303,P33894
YOR217W_W303,P38630
YOR216C_W303,Q12234
YOR215C_W303,Q12032
YOR214C_W303,Q12282
YOR213C_W303,Q99314
YOR212W_W303,P18851
YOR211C_W303,P32266
YOR209C_W303,P39683
YOR208W_W303,P29461
YOR207C_W303,P22276
YOR206W_W303,P39744
YOR205C_W303,Q08622
YOR204W_W303,P06634
YOR201C_W303,P25270
YOR198C_W303,P38934
YOR197W_W303,Q08601
YOR196C_W303,P32875
YOR195W_W303,Q08581
YOR194C_W303,P32773
YOR193W_W303,Q08580
YPR138C_W303,P53390
YPR139C_W303,Q06508
YPR140W_W303,Q06510
YPR141C_W303,P17119
YPR143W_W303,Q06511
YPR144C_W303,Q06512
YCR017C_W303,P25618
YCR016W_W303,P25617
YCR015C_W303,P25616
YCR014C_W303,P25615
YCR012W_W303,P00560
YCR011C_W303,P25371
YCR010C_W303,P25613
YCR009C_W303,P25343
YCR008W_W303,P25333
YCR007C_W303,P25354
YCR006C_W303,P25350
YCR005C_W303,P08679
YCR004C_W303,P25349
YCR003W_W303,P25348
YCR002C_W303,P25342
YCR001W_W303,P25347
YCL001W-A_W303,P87012
YCL001W_W303,P25560
YCL002C_W303,P25565
YCL004W_W303,P25578
YCL005W_W303,P25587
YCL008C_W303,P25604
YCL009C_W303,P25605
YCL010C_W303,P25554
YCL011C_W303,P25555
YCL012C_W303,Q8J0M4
YCL014W_W303,P25558
YCL016C_W303,P25559
YCL017C_W303,P25374
YNL018C_W303,P53976
YNL017C_W303,P53977
YNL016W_W303,P32588
YNL014W_W303,P53978
YNL011C_W303,P53980
YNL010W_W303,P53981
YNL009W_W303,P53982
YNL008C_W303,P53983
YNL007C_W303,P25294
YNL006W_W303,P41318
YNL005C_W303,P12687
YNL004W_W303,P38922
YNL003C_W303,P38921
YNL002C_W303,P40693
YNL001W_W303,P33309
YNR001C_W303,P00890
YCR039C_W303,P0CY08
YJL112W_W303,P47025
YJL111W_W303,P42943
YJL110C_W303,P42944
YJL109C_W303,P42945
YJL108C_W303,P42946
YJL107C_W303,P42947
YJL106W_W303,P32581
YJL105W_W303,P42948
YJL104W_W303,P42949
YJL103C_W303,P42950
YJL102W_W303,P39677
YJL101C_W303,P32477
YJL100W_W303,P42951
YJL099W_W303,P40955
YJL098W_W303,P40856
YJL097W_W303,P40857
YJL096W_W303,P40858
YJL095W_W303,Q01389
YJL094C_W303,P40309
YJL093C_W303,P40310
YJL092W_W303,P12954
YJL091C_W303,P47026
YJL090C_W303,P47027
YJL089W_W303,P46954
YJL088W_W303,P05150
YJL087C_W303,P09880
YJL085W_W303,P19658
YJL084C_W303,P47029
YJL083W_W303,P47030
YJL082W_W303,P47031
YJL081C_W303,P80428
YJL080C_W303,P06105
YJL079C_W303,P47032
YJL078C_W303,P47033
YJL077C_W303,P47034
YJL076W_W303,P47035
YJL074C_W303,P47037
YJL073W_W303,P40358
YJL072C_W303,P40359
YJL071W_W303,P40360
YJL070C_W303,P40361
YJL069C_W303,P40362
YJL068C_W303,P40363
YJL066C_W303,P40364
YJL065C_W303,P40366
YJL063C_W303,P22353
YJL062W_W303,P40367
YJL061W_W303,P40368
YJL060W_W303,P47039
YJL059W_W303,P47040
YJL058C_W303,P47041
YJL057C_W303,P47042
YJL056C_W303,P47043
YJL055W_W303,P47044
YJL054W_W303,P47045
YJL053W_W303,P40335
YJL051W_W303,P47046
YJL050W_W303,P47047
YJL049W_W303,P47048
YJL048C_W303,P47049
YJL047C_W303,P47050
YJL046W_W303,P47051
YIL088C_W303,P40501
YIL087C_W303,P40502
YIL086C_W303,P40503
YIL085C_W303,P40504
YIL084C_W303,P40505
YIL083C_W303,P40506
YBR031W_W303,P10664
YBR032W_W303,P38223
YBR033W_W303,P38073
YBR034C_W303,P38074
YBR035C_W303,P38075
YBR036C_W303,P35206
YBR037C_W303,P23833
YBR038W_W303,P14180
YBR039W_W303,P38077
YBR040W_W303,P38224
YBR041W_W303,P38225
YBR042C_W303,P38226
YBR043C_W303,P38227
YBR044C_W303,P38228
YBR045C_W303,P38229
YBR046C_W303,P38230
YBR047W_W303,P38231
YBR048W_W303,P0CX48
YBR049C_W303,P21538
YBR050C_W303,P38232
YBR052C_W303,P38234
YBR053C_W303,P38235
YBR054W_W303,P38079
YBR055C_W303,P19735
YBR056W_W303,P38081
YBR057C_W303,P38236
YOL155C_W303,Q05164
YOL154W_W303,Q12512
YOL152W_W303,Q12333
YOL151W_W303,Q12068
YOL149W_W303,Q12517
YOL148C_W303,P50875
YOL147C_W303,Q12462
YOL146W_W303,Q12146
YOL145C_W303,P89105
YOL144W_W303,Q08287
YOL143C_W303,P50861
YOL142W_W303,Q08285
YOL141W_W303,Q08282
YOL140W_W303,P18544
YOL139C_W303,P07260
YOL138C_W303,Q08281
YOL137W_W303,Q08280
YOL136C_W303,Q12471
YOL135C_W303,Q08278
YOL133W_W303,Q08273
YOL132W_W303,Q08271
YOL131W_W303,Q08270
YOL130W_W303,Q08269
YOL129W_W303,Q12016
YOL128C_W303,Q12222
YOL127W_W303,P04456
YOL126C_W303,P22133
YOL125W_W303,Q12383
YOL124C_W303,Q12463
YOL123W_W303,Q99383
YOL122C_W303,P38925
YOL119C_W303,Q08268
YOL118C_W303,Q08259
YOL117W_W303,Q12348
YOL116W_W303,P22148
YOL115W_W303,P53632
YOL114C_W303,Q12322
YOL113W_W303,Q12469
YOL112W_W303,Q12317
YOL111C_W303,Q12285
YOL110W_W303,P41912
YOL109W_W303,Q08245
YOL108C_W303,P13902
YOL107W_W303,Q12239
YOL105C_W303,Q12215
YOL104C_W303,Q12366
YHR144C_W303,P06773
YHR143W_W303,P38844
YHR142W_W303,P38843
YHR140W_W303,P38842
YHR139C-A_W303,O13536
YHR139C_W303,P13130
YHR138C_W303,P38841
YHR137W_W303,P38840
YHR136C_W303,P38839
YHR134W_W303,P38838
YHR133C_W303,P38837
YHR132W-A_W303,Q9P305
YHR132C_W303,P38836
YHR131C_W303,P38835
YHR130C_W303,P38834
YHR129C_W303,P38696
YHR128W_W303,P18562
YHR127W_W303,P38833
YHR126C_W303,P38832
YHR125W_W303,P38831
YHR124W_W303,P38830
YHR122W_W303,P38829
YHR121W_W303,P38828
YHR120W_W303,P25846
YHR119W_W303,P38827
YHR118C_W303,P38826
YHR117W_W303,P38825
YHR116W_W303,P38824
YHR115C_W303,P38823
YHR114W_W303,P38822
YHR113W_W303,P38821
YHR112C_W303,P38716
YHR111W_W303,P38820
YHR110W_W303,P38819
YHR109W_W303,P38818
YHR108W_W303,P38817
YHR107C_W303,P32468
YHR106W_W303,P38816
YHR105W_W303,P38815
YHR104W_W303,P38715
YHR103W_W303,P38814
YHR102W_W303,P38692
YHR101C_W303,P38813
YHR100C_W303,P38812
YHR099W_W303,P38811
YHR098C_W303,P38810
YHR097C_W303,P38809
YHR096C_W303,P38695
YHR094C_W303,P32465
YHR093W_W303,P29589
YMR272C_W303,Q03529
YMR273C_W303,P50111
YMR274C_W303,Q03530
YMR275C_W303,P48524
YMR276W_W303,P48510
YMR277W_W303,Q03254
YMR278W_W303,Q03262
YMR279C_W303,Q03263
YMR280C_W303,P39113
YMR281W_W303,P23797
YMR282C_W303,P22136
YMR283C_W303,P23796
YMR284W_W303,P32807
YMR285C_W303,Q03264
YMR287C_W303,P39112
YMR288W_W303,P49955
YMR289W_W303,Q03266
YMR290C_W303,Q03532
YMR291W_W303,Q03533
YMR292W_W303,Q03554
YMR293C_W303,Q03557
YMR294W_W303,P36224
YMR295C_W303,Q03559
YMR296C_W303,P25045
YMR297W_W303,P00729
YMR298W_W303,Q03579
YMR299C_W303,Q04949
YMR300C_W303,P04046
YMR301C_W303,P40416
YMR302C_W303,P32843
YMR303C_W303,P00331
YMR304W_W303,P50101
YMR305C_W303,Q04951
YMR306W_W303,Q04952
YMR307W_W303,P22146
YMR308C_W303,P32337
YMR309C_W303,P32497
YMR310C_W303,Q04867
YMR311C_W303,P41818
YMR312W_W303,Q04868
YMR313C_W303,P40308
YMR314W_W303,P40302
YMR315W_W303,Q04869
YMR316W_W303,P54005
YMR316C-B_W303,A0A023PXQ9
YJL115W_W303,P32447
YJL116C_W303,P46955
YJL117W_W303,P46956
YJL118W_W303,P47022
YJL121C_W303,P46969
YJL122W_W303,P47019
YJL123C_W303,P47018
YJL124C_W303,P47017
YJL125C_W303,P46959
YJL126W_W303,P47016
YJL127C_W303,P35208
YJL128C_W303,P08018
YJL129C_W303,P12685
YJL130C_W303,P07259
YJL131C_W303,P47015
YJL132W_W303,P47014
YJL133W_W303,P10566
YJL134W_W303,P47013
YJL136C_W303,Q3E754
YJL137C_W303,P47011
YCR106W_W303,P25611
YDR341C_W303,Q05506
YDR449C_W303,Q02354
YDR448W_W303,Q02336
YDR446W_W303,Q04110
YOL165C_W303,Q08361
YCR096C_W303,P0CY13
YCR095C_W303,P25366
YCR094W_W303,P25656
YCR093W_W303,P25655
YCR092C_W303,P25336
YCR091W_W303,P25341
YCR090C_W303,P25654
YCR088W_W303,P15891
YCR087C-A_W303,P37263
YCR086W_W303,P25651
YCR085W_W303,P25650
YCR084C_W303,P16649
YCR083W_W303,P25372
YCR082W_W303,P25649
YCR081W_W303,P25648
YCR079W_W303,P25646
YCR077C_W303,P25644
YCR076C_W303,P25659
YCR075C_W303,P17261
YCR073W-A_W303,P37262
YCR073C_W303,P25390
YCR072C_W303,P25382
YCR071C_W303,P25642
YCR069W_W303,P25334
YCR068W_W303,P25641
YCR067C_W303,P25365
YCR066W_W303,P10862
YCR065W_W303,P25364
YCR063W_W303,P25337
YCR061W_W303,P25639
YCR060W_W303,P25638
YCR059C_W303,P25637
YCR057C_W303,P25635
YCR054C_W303,P25355
YCR053W_W303,P16120
YCR052W_W303,P25632
YCR051W_W303,P25631
YCR048W_W303,P25628
YCR047C_W303,P25627
YCR046C_W303,P25626
YCR045C_W303,P25381
YCR044C_W303,P25625
YCR043C_W303,P25361
YCR042C_W303,P23255
YKL222C_W303,P35995
YKL221W_W303,P36032
YKL220C_W303,P36033
YKL219W_W303,P36034
YKL218C_W303,P36007
YKL217W_W303,P36035
YKL216W_W303,P28272
YKL215C_W303,P28273
YKL214C_W303,P36036
YKL213C_W303,P36037
YKL212W_W303,P32368
YKL211C_W303,P00937
YKL210W_W303,P22515
YKL209C_W303,P12866
YKL208W_W303,P36038
YKL207W_W303,P36039
YKL206C_W303,P36040
YKL205W_W303,P33418
YKL204W_W303,P36041
YKL203C_W303,P32600
YKL201C_W303,P36044
YKL198C_W303,P36002
YKL197C_W303,P24004
YKL196C_W303,P36015
YKL195W_W303,P36046
YKL194C_W303,P07236
YKL193C_W303,P36047
YKL192C_W303,P32463
YKL191W_W303,P32461
YKL190W_W303,P25296
YKL189W_W303,P32464
YKL188C_W303,P34230
YKL187C_W303,P34231
YKL186C_W303,P34232
YKL185W_W303,P34233
YKL184W_W303,P08432
YKL183W_W303,P34234
YKL182W_W303,P07149
YKL181W_W303,P32895
YKL180W_W303,P05740
YKL179C_W303,P34237
YKL178C_W303,P06783
YKL176C_W303,P34239
YKL175W_W303,P34240
YKL174C_W303,P36029
YKL173W_W303,P36048
YKL172W_W303,P36049
YKL171W_W303,P36003
YKL170W_W303,P35996
YKL168C_W303,P36004
YKL167C_W303,P32388
YKL166C_W303,P05986
YKL165C_W303,P36051
YKL163W_W303,Q03180
YKL162C_W303,P36052
YKL161C_W303,P36005
YKL160W_W303,P36053
YKL159C_W303,P36054
YKL157W_W303,P32454
YKL156W_W303,P35997
YKL155C_W303,P36056
YKL154W_W303,P36057
YKL152C_W303,P00950
YKL151C_W303,P36059
YKL150W_W303,P36060
YKL149C_W303,P24309
YKL148C_W303,Q00711
YKL146W_W303,P36062
YKL145W_W303,P33299
YKL144C_W303,P35718
YKL143W_W303,P34078
YKL142W_W303,P35719
YKL141W_W303,P33421
YKL140W_W303,P34163
YKL139W_W303,Q03957
YKL138C_W303,P14063
YKL137W_W303,P36064
YKL135C_W303,P36000
YKL134C_W303,P35999
YKL133C_W303,P36066
YKL132C_W303,P36001
YKL130C_W303,P36068
YKL129C_W303,P36006
YKL128C_W303,P36069
YIR042C_W303,P40586
YDR316W_W303,Q06668
YDR315C_W303,Q06667
YDR314C_W303,Q06665
YDR313C_W303,Q06651
YDR311W_W303,P32776
YDR310C_W303,P46676
YDR309C_W303,Q06648
YDR308C_W303,P47822
YDR307W_W303,Q06644
YDR306C_W303,Q06640
YDR305C_W303,P49775
YDR304C_W303,P35176
YDR303C_W303,Q06639
YDR302W_W303,Q06636
YDR301W_W303,Q06632
YDR300C_W303,P32264
YDR299W_W303,Q06631
YDR298C_W303,P09457
YDR297W_W303,P38992
YDR296W_W303,Q06630
YDR295C_W303,Q06629
YDR294C_W303,Q05567
YDR292C_W303,P32916
YDR291W_W303,Q05549
YDR289C_W303,Q05543
YDR288W_W303,Q05541
YDR287W_W303,Q05533
YDR286C_W303,Q05530
YDR285W_W303,P31111
YDR284C_W303,Q05521
YDR283C_W303,P15442
YDR282C_W303,Q05648
YDR281C_W303,Q05637
YDR280W_W303,Q05636
YDR279W_W303,Q05635
YDR278C_W303,Q05612
YDR277C_W303,P35198
YDR275W_W303,Q05611
YDR274C_W303,P87283
YDR273W_W303,Q05610
YDR272W_W303,Q05584
YDR270W_W303,P38995
YDR268W_W303,P04803
YDR267C_W303,Q05583
YDR266C_W303,Q05580
YDR265W_W303,Q05568
YDR264C_W303,P39010
YDR263C_W303,Q12086
YDR262W_W303,Q12331
YMR119W_W303,P54074
YMR120C_W303,P38009
YMR121C_W303,P54780
YMR122C_W303,Q03879
YMR123W_W303,Q03880
YMR124W_W303,P39523
YMR125W_W303,P34160
YMR126C_W303,Q04216
YMR127C_W303,P40963
YMR128W_W303,Q04217
YMR129W_W303,P39685
YMR130W_W303,Q04223
YMR131C_W303,Q04225
YMR132C_W303,P40206
YMR133W_W303,P32841
YMR134W_W303,P40207
YMR135C_W303,P40208
YMR136W_W303,P40209
YMR137C_W303,P30620
YMR138W_W303,P39110
YMR139W_W303,P38615
YMR140W_W303,P40210
YMR141C_W303,P40211
YMR143W_W303,P0CX51
YMR144W_W303,P40214
YMR145C_W303,P40215
YMR146C_W303,P40217
YMR147W_W303,P40218
YMR148W_W303,P40219
YMR149W_W303,Q02795
YMR150C_W303,P28627
YMR152W_W303,P28625
YMR153W_W303,Q03790
YMR154C_W303,Q03792
YMR155W_W303,Q03795
YMR156C_W303,Q03796
YMR157C_W303,Q03798
YMR158W_W303,Q03799
YMR159C_W303,Q03818
YMR160W_W303,Q03823
YMR161W_W303,P48353
YMR162C_W303,Q12674
YMR163C_W303,Q03824
YMR164C_W303,Q03825
YMR165C_W303,P32567
YMR166C_W303,Q03829
YMR167W_W303,P38920
YMR168C_W303,P40969
YMR171C_W303,Q03212
YMR172W_W303,Q03213
YMR173W-A_W303,A0A023PXQ4
YMR176W_W303,Q03214
YMR177W_W303,Q03218
YMR178W_W303,Q03219
YMR179W_W303,P35209
YMR180C_W303,Q03220
YMR181C_W303,Q03231
YMR182C_W303,Q00453
YMR183C_W303,P39926
YMR184W_W303,Q03233
YMR185W_W303,Q12751
YAL007C_W303,P39704
YAL008W_W303,P18411
YAL009W_W303,P18410
YAL010C_W303,P18409
YAL011W_W303,P31376
YAL012W_W303,P31373
YAL013W_W303,P31385
YAL014C_W303,P31377
YAL015C_W303,P31378
YAL016W_W303,P31383
YAL017W_W303,P31374
YAL018C_W303,P31379
YAL019W_W303,P31380
YAL020C_W303,P31386
YAL021C_W303,P31384
YAL022C_W303,P31381
YAL023C_W303,P31382
YAL024C_W303,P07866
YAL025C_W303,P10962
YAL026C_W303,P39524
YAL027W_W303,P39735
YAL028W_W303,P39734
YAL029C_W303,P32492
YAL030W_W303,P31109
YAL031C_W303,P39732
YAL032C_W303,P28004
YAL033W_W303,P28005
YAL034C_W303,P28003
YAL034W-A_W303,P39731
YAL035W_W303,P39730
YAL036C_W303,P39729
YAL037W_W303,P39728
YAL038W_W303,P00549
YAL039C_W303,P06182
YAL040C_W303,P13365
YAL041W_W303,P11433
YAL042W_W303,P39727
YAL043C_W303,Q01329
YAL044C_W303,P39726
YAL044W-A_W303,Q3E793
YAL046C_W303,P39724
YAL047C_W303,P39723
YAL048C_W303,P39722
YAL049C_W303,P39721
YAL051W_W303,P39720
YAL053W_W303,P39719
YAL054C_W303,Q01574
YAL055W_W303,P39718
YAL056W_W303,P39717
YAL058W_W303,P27825
YAL059W_W303,P39715
YAL060W_W303,P39714
YAL061W_W303,P39713
YAL062W_W303,P39708
YHR213W_W303,P0CI67
YHR146W_W303,P38845
YHR147C_W303,P32904
YHR148W_W303,P32899
YHR149C_W303,P32900
YHR150W_W303,P38848
YHR151C_W303,P38849
YHR152W_W303,P17123
YHR153C_W303,P17122
YHR154W_W303,P38850
YHR155W_W303,P38851
YHR156C_W303,P38852
YHR157W_W303,P33323
YHR158C_W303,P38853
YHR159W_W303,P38854
YHR160C_W303,P38855
YHR161C_W303,P38856
YHR162W_W303,P38857
YHR163W_W303,P38858
YHR164C_W303,P38859
YHR165C_W303,P33334
YHR166C_W303,P16522
YHR167W_W303,O13539
YHR168W_W303,P38860
YHR169W_W303,P38719
YHR170W_W303,P38861
YHR171W_W303,P38862
YHR172W_W303,P38863
YHR173C_W303,P38864
YIL017C_W303,P40547
YIL016W_W303,P40548
YIL015W_W303,P12630
YIL079C_W303,P40507
YIL078W_W303,P04801
YIL077C_W303,P40508
YIL076W_W303,P40509
YIL075C_W303,P32565
YIL074C_W303,P40510
YIL072W_W303,P20050
YIL071C_W303,P40512
YIL070C_W303,P40513
YIL068C_W303,P32844
YIL067C_W303,P40514
YIL066C_W303,P21672
YIL065C_W303,P40515
YIL064W_W303,P40516
YIL063C_W303,P40517
YIL062C_W303,P40518
YIL061C_W303,Q00916
YDR034C_W303,P40971
YDR033W_W303,Q12117
YDR032C_W303,Q12335
YDR031W_W303,Q04341
YDR030C_W303,Q12021
YDR029W_W303,Q12111
YDR028C_W303,Q00816
YDR027C_W303,Q12071
YDR026C_W303,Q12457
YDR024W_W303,Q99341
YDR023W_W303,P07284
YDR022C_W303,Q12421
YDR021W_W303,Q12099
YDR020C_W303,Q12084
YDR019C_W303,P48015
YDR018C_W303,Q12185
YDR017C_W303,Q12494
YDR014W-A_W303,Q03937
YDR014W_W303,Q99359
YDR013W_W303,Q12488
YDR012W_W303,P49626
YDL131W_W303,Q12122
YDL130W_W303,P10622
YDL129W_W303,Q07555
YDL128W_W303,Q99385
YDL127W_W303,P25693
YDL126C_W303,P25694
YDL124W_W303,Q07551
YDL123W_W303,Q07549
YDL122W_W303,P25037
YDL121C_W303,Q07541
YDL120W_W303,Q07540
YDL119C_W303,Q07534
YDL117W_W303,Q07533
YDL116W_W303,P52891
YDL114W_W303,Q07530
YDL113C_W303,Q07528
YDL112W_W303,Q07527
YDL111C_W303,Q12277
YDL110C_W303,Q12513
YDL109C_W303,Q12103
YDL108W_W303,P06242
YDL107W_W303,P40990
YDL106C_W303,P07269
YDL105W_W303,P43124
YDL104C_W303,P43122
YDL103C_W303,P43123
YDL102W_W303,P15436
YDL101C_W303,P39009
YDL100C_W303,Q12154
YDL099W_W303,Q12191
YDL098C_W303,Q12368
YDL097C_W303,Q12377
YDL095W_W303,P33775
YDL093W_W303,P52867
YDL092W_W303,P38985
YDL091C_W303,Q12229
YDL090C_W303,P22007
YDL089W_W303,Q12066
YDL088C_W303,Q05166
YDL087C_W303,Q07508
YDL086W_W303,Q07505
YDL085W_W303,Q07500
YDL084W_W303,Q07478
YDL083C_W303,P0CX52
YDL082W_W303,Q12690
YDL081C_W303,P05318
YDL080C_W303,Q07471
YDL079C_W303,P50873
YDL078C_W303,P32419
YDL077C_W303,Q07468
YDL076C_W303,Q07458
YDL075W_W303,P0C2H8
YDL074C_W303,Q07457
YDL073W_W303,Q07454
YDL072C_W303,Q07451
YDL070W_W303,Q07442
YDL069C_W303,P14066
YDL066W_W303,P21954
YDL065C_W303,Q07418
YDL064W_W303,P50623
YDL063C_W303,Q07395
YDL060W_W303,Q07381
YDL059C_W303,Q12223
YDL058W_W303,P25386
YDL057W_W303,Q07379
YDL056W_W303,P39678
YDL055C_W303,P41940
YDL054C_W303,Q07376
YDL053C_W303,Q07362
YDL052C_W303,P33333
YDL051W_W303,P33399
YDL049C_W303,P50112
YDL048C_W303,Q07351
YDL047W_W303,P20604
YDL046W_W303,Q12408
YDL045C_W303,P38913
YDL044C_W303,P10849
YDL043C_W303,Q07350
YDL042C_W303,P06700
YDL040C_W303,P12945
YDL039C_W303,Q12459
YSC0054_W303,V9NEH8
YDL036C_W303,Q12069
YDL035C_W303,Q12361
YDL033C_W303,Q12093
YDL031W_W303,Q12389
YDL030W_W303,P19736
YDL029W_W303,P32381
YDL028C_W303,P54199
YDL027C_W303,Q07349
YDL025C_W303,Q12100
YDL024C_W303,P52290
YDL022W_W303,Q00055
YDL021W_W303,Q12008
YDL020C_W303,Q03465
YDL019C_W303,Q12451
YDL018C_W303,Q12403
YDL017W_W303,P06243
YDL015C_W303,Q99190
YDL014W_W303,P15646
YDL013W_W303,P32828
YDL010W_W303,Q12438
YDL008W_W303,Q12157
YDL007W_W303,P40327
YDL006W_W303,P35182
YDL005C_W303,Q12124
YDL004W_W303,Q12165
YDL003W_W303,Q12158
YDL002C_W303,Q03435
YDL001W_W303,Q03441
YDR001C_W303,P32356
YDR002W_W303,P41920
YDR003W_W303,Q03446
YDR004W_W303,P25301
YDR006C_W303,P40317
YDR007W_W303,P00912
YDR009W_W303,P13045
YDR010C_W303,Q12426
YDR011W_W303,P32568
YGR028W_W303,P28737
YGR030C_W303,P53218
YGR031W_W303,P53219
YGR032W_W303,P40989
YGR033C_W303,P53220
YGR034W_W303,P53221
YGR035C_W303,P53222
YGR036C_W303,P53223
YGR038W_W303,P53224
YNL330C_W303,P32561
YNL329C_W303,P33760
YNL328C_W303,P42834
YNL327W_W303,P42835
YNL326C_W303,P42836
YNL325C_W303,P42837
YNL323W_W303,P42838
YNL322C_W303,P17260
YNL321W_W303,P42839
YNL320W_W303,P42840
YNL318C_W303,P42833
YNL317W_W303,P42841
YNL316C_W303,P32452
YNL315C_W303,P32453
YNL314W_W303,P21705
YNL313C_W303,P42842
YNL312W_W303,P26754
YNL311C_W303,P42843
YNL310C_W303,P42844
YNL309W_W303,P42845
YNL308C_W303,P42846
YNL307C_W303,P21965
YNL306W_W303,P42847
YNL305C_W303,P48558
YNL304W_W303,P48559
YNL301C_W303,P0CX50
YNL300W_W303,P48560
YNL299W_W303,P48561
YNL298W_W303,P48562
YNL297C_W303,P48563
YNL295W_W303,P48564
YNL294C_W303,P48565
YNL293W_W303,P48566
YNL292W_W303,P48567
YNL291C_W303,P41821
YNL290W_W303,P38629
YNL289W_W303,P24867
YNL288W_W303,P53829
YNL287W_W303,P32074
YNL286W_W303,P53830
YOL166C_W303,Q08373
YLR410W_W303,Q06685
YLR409C_W303,Q06078
YLR408C_W303,Q06071
YLR407W_W303,Q06070
YLR406C_W303,P0C2H9
YLR405W_W303,Q06063
YLR404W_W303,Q06058
YLR403W_W303,P32432
YLR401C_W303,Q06053
YLR399C_W303,P35817
YLR398C_W303,P35207
YLR397C_W303,P32794
YLR396C_W303,P20795
YLR394W_W303,Q06032
YLR393W_W303,P18496
YLR392C_W303,P18634
YLR390W-A_W303,O13547
YLR390W_W303,Q06011
YLR389C_W303,Q06010
YLR387C_W303,Q06709
YLR386W_W303,Q06708
YLR385C_W303,Q06707
YLR384C_W303,Q06706
YLR383W_W303,Q12749
YLR382C_W303,P11325
YLR381W_W303,Q12748
YLR380W_W303,Q06705
YLR378C_W303,P32915
YLR377C_W303,P09201
YLR376C_W303,Q12318
YLR375W_W303,Q05937
YLR373C_W303,Q05934
YLR372W_W303,P40319
YLR371W_W303,P51862
YLR370C_W303,Q05933
YLR369W_W303,Q05931
YLR368W_W303,Q05930
YLR367W_W303,Q3E7Y3
YLR366W_W303,Q7LIF1
YLR365W_W303,Q7LIF2
YLR364W_W303,Q05926
YLR363C_W303,Q12129
YLR362W_W303,P23561
YLR361C_W303,Q05924
YLR359W_W303,Q05911
YLR357W_W303,Q06488
YLR356W_W303,Q06485
YLR355C_W303,P06168
YLR354C_W303,P15019
YLR353W_W303,P41698
YLR352W_W303,Q06479
YLR351C_W303,P49954
YLR350W_W303,Q06144
YLR348C_W303,Q06143
YLR347C_W303,Q06142
YLR346C_W303,Q06139
YLR345W_W303,Q06137
YLR344W_W303,P05743
YLR343W_W303,Q06135
YLR342W_W303,P38631
YLR341W_W303,Q06134
YLR340W_W303,P05317
YLR337C_W303,P37370
YLR336C_W303,Q06132
YLR335W_W303,P32499
YLR334C_W303,Q06127
YLR331C_W303,O13555
YLR330W_W303,Q12114
YLR329W_W303,Q02721
YLR328W_W303,Q06178
YLR326W_W303,Q06170
YLR324W_W303,Q06169
YLR323C_W303,P53769
YLR321C_W303,Q06168
YLR320W_W303,Q06164
YLR319C_W303,P41697
YLR318W_W303,Q06163
YLR316C_W303,Q9URQ3
YLR315W_W303,Q06162
YLR314C_W303,P32457
YLR313C_W303,Q06160
YLR312W-A_W303,P36523
YLR312C_W303,Q06159
YLR311C_W303,Q06158
YLR310C_W303,P04821
YLR309C_W303,Q06704
YLR308W_W303,Q06703
YLR307W_W303,Q06702
YLR306W_W303,P52491
YLR305C_W303,P37297
YLR304C_W303,P19414
YLR303W_W303,P06106
YLR302C_W303,O13544
YDR160W_W303,Q03770
YDR159W_W303,P46674
YDR158W_W303,P13663
YDR157W_W303,A0A023PZE8
YDR156W_W303,P50106
YDR155C_W303,P14832
YDR153C_W303,Q03769
YDR152W_W303,Q03768
YDR151C_W303,P47976
YER048C_W303,P39101
YER047C_W303,P39955
YER046W_W303,P40031
YER045C_W303,P39970
YER044C-A_W303,P29467
YER044C_W303,P40030
YER043C_W303,P39954
YER042W_W303,P40029
YER041W_W303,P40028
YER040W_W303,P18494
YER039C_W303,P0CE11
YER038C_W303,P40026
YER037W_W303,P40025
YER036C_W303,P40024
YER035W_W303,P40023
YER034W_W303,P40022
YER033C_W303,P40021
YER032W_W303,P40020
YER031C_W303,P38555
YER030W_W303,P40019
YER029C_W303,P40018
YER028C_W303,P39943
YER027C_W303,Q04739
YER026C_W303,P08456
YER025W_W303,P32481
YER024W_W303,P40017
YER023W_W303,P32263
YER022W_W303,P32569
YER021W_W303,P40016
YER020W_W303,P10823
YER019W_W303,P40015
YER018C_W303,P40014
YER017C_W303,P39925
YER016W_W303,P40013
YER015W_W303,P39518
YER014W_W303,P40012
YER013W_W303,P24384
YER012W_W303,P22141
YER011W_W303,P10863
YER010C_W303,P40011
YER009W_W303,P33331
YER008C_W303,P33332
YER007C-A_W303,P89886
YER007W_W303,P39937
YER006W_W303,P40010
YER005W_W303,P40009
YER004W_W303,P40008
YER003C_W303,P29952
YER002W_W303,P40007
YER001W_W303,P39106
YEL001C_W303,P40006
YEL002C_W303,P33767
YEL003W_W303,P40005
YEL004W_W303,P40004
YEL005C_W303,P40003
YEL006W_W303,P39953
YEL008W_W303,P40001
YEL009C_W303,P03069
YEL009C-A_W303,A0A023PZF2
YGR193C_W303,P16451
YGR194C_W303,P42826
YGR195W_W303,P46948
YGR196C_W303,P46949
YGR197C_W303,P46950
YGR198W_W303,P46951
YGR199W_W303,P42934
YGR200C_W303,P42935
YGR201C_W303,P42936
YGR202C_W303,P13259
YGR203W_W303,P42937
YGR204W_W303,P07245
YGR205W_W303,P42938
YGR206W_W303,P42939
YGR207C_W303,P42940
YGR208W_W303,P42941
YGR209C_W303,P22803
YGR210C_W303,P42942
YGR211W_W303,P53303
YGR212W_W303,P53304
YGR213C_W303,P53047
YGR214W_W303,P32905
YGR215W_W303,P53305
YGR216C_W303,P53306
YGR217W_W303,P50077
YCR019W_W303,P23060
YCR020C_W303,P25362
YCR021C_W303,P25619
YCR022C_W303,P25620
YCR023C_W303,P25351
YCR024C_W303,P25345
YCR025C_W303,P25352
YCR026C_W303,P25353
YCR027C_W303,P25378
YER188W_W303,P40103
YOL162W_W303,P0CF19
YOL163W_W303,P0CF20
YOL164W_W303,Q08347
YIL014C-A_W303,Q02598
YIL014W_W303,P40549
YIL013C_W303,P40550
YIL012W_W303,P40551
YIL011W_W303,P40552
YIL010W_W303,P40553
YIL009W_W303,P39002
YIL007C_W303,P40555
YIL006W_W303,P40556
YIL005W_W303,P40557
YIL004C_W303,P22804
YIL003W_W303,P40558
YIL002C_W303,P40559
YIL001W_W303,P40560
YIR001C_W303,P40561
YIR002C_W303,P40562
YIR003W_W303,P40563
YIR004W_W303,P40564
YIR005W_W303,P40565
YIR006C_W303,P32521
YIR007W_W303,P40566
YIR008C_W303,P10363
YIR009W_W303,P40567
YIR010W_W303,P40568
YIR011C_W303,P38637
YIR012W_W303,P35184
YIR013C_W303,P40569
YIR014W_W303,P40570
YIR015W_W303,P40571
YIR016W_W303,P40572
YIR017C_W303,P40573
YIR018W_W303,P40574
YER137C_W303,P40083
YER136W_W303,P39958
YER135C_W303,P40082
YER134C_W303,P40081
YGR122W_W303,P53272
YGR121C_W303,P40260
YGR254W_W303,P00924
YGR255C_W303,P53318
YGR256W_W303,P53319
YGR257C_W303,P53320
YGR258C_W303,P07276
YGR260W_W303,P53322
YGR261C_W303,P46682
YGR262C_W303,P53323
YGR263C_W303,P53324
YGR264C_W303,P00958
YGR266W_W303,P53326
YGR267C_W303,P51601
YGR268C_W303,P40325
YGR270W_W303,P40340
YGR271W_W303,P53327
YGR271C-A_W303,Q3E705
YGR273C_W303,P53329
YGR274C_W303,P46677
YGR275W_W303,P53330
YGR276C_W303,P53331
YGR277C_W303,P53332
YGR278W_W303,P53333
YGR279C_W303,P53334
YGR280C_W303,P53335
YGR281W_W303,P53049
YGR282C_W303,P15703
YGR283C_W303,P53336
YGR284C_W303,P53337
YGR285C_W303,P32527
YGR286C_W303,P32451
YOR387C_W303,Q08910
YOR386W_W303,P05066
YOR385W_W303,Q08909
YOR384W_W303,Q08908
YOR383C_W303,Q08907
YOR382W_W303,Q08906
YOR381W_W303,Q08905
YOR380W_W303,Q08904
YOR378W_W303,Q08902
YOR377W_W303,P40353
YOR376W_W303,Q08900
YOR375C_W303,P07262
YOR374W_W303,P46367
YOR373W_W303,P32336
YOR372C_W303,Q08887
YOR371C_W303,Q08886
YOR370C_W303,P32864
YOR369C_W303,P48589
YOR368W_W303,P48581
YOR367W_W303,Q08873
YOR365C_W303,Q08844
YOR363C_W303,P52960
YOR362C_W303,P21242
YOR361C_W303,P06103
YOR360C_W303,P06776
YOR359W_W303,Q08831
YOR358W_W303,Q02516
YOR357C_W303,Q08826
YOR356W_W303,Q08822
YOR355W_W303,P41913
YOR354C_W303,Q08818
YOR353C_W303,Q08817
YOR352W_W303,Q08816
YOR351C_W303,P24719
YOR350C_W303,P24720
YOR349W_W303,P40987
YOR348C_W303,P15380
YOR347C_W303,P52489
YOR346W_W303,P12689
YBR118W_W303,P02994
YBR117C_W303,P33315
YBR115C_W303,P07702
YBR114W_W303,P31244
YBR112C_W303,P14922
YBR111C_W303,Q01976
YBR110W_W303,P16661
YBR109C_W303,P06787
YBR108W_W303,P38266
YBR107C_W303,P38265
YBR106W_W303,P38264
YBR105C_W303,P38263
YBR104W_W303,P38087
YBR103W_W303,P38262
YBR102C_W303,P38261
YBR101C_W303,P38260
YBR098W_W303,P38257
YBR097W_W303,P22219
YBR096W_W303,P38256
YBR095C_W303,P38255
YBR094W_W303,P38254
YDR344C_W303,Q05510
YDR346C_W303,Q05515
YDR347W_W303,P10662
YDR348C_W303,Q05518
YDR349C_W303,Q06325
YDR350C_W303,P50273
YDR351W_W303,P42223
YDR352W_W303,Q06328
YDR353W_W303,P29509
YDR354W_W303,P07285
YDR356W_W303,P32380
YDR357C_W303,Q06333
YDR358W_W303,Q06336
YDR359C_W303,Q06337
YDR361C_W303,Q06338
YDR362C_W303,Q06339
YDR363W_W303,Q06340
YDR364C_W303,P40968
YDR365C_W303,Q06344
YDR367W_W303,Q06346
YDR368W_W303,Q12458
YDR369C_W303,P33301
YDR370C_W303,Q06349
YDR371W_W303,Q06350
YDR372C_W303,Q06385
YDR373W_W303,Q06389
YDR374C_W303,Q06390
YDR375C_W303,P32839
YDR376W_W303,P48360
YDR377W_W303,Q06405
YDR379W_W303,Q06407
YDR380W_W303,Q06408
YDR381W_W303,Q12159
YDR382W_W303,P02400
YDR383C_W303,Q12493
YDR384C_W303,Q12359
YGL184C_W303,P53101
YGL185C_W303,P53100
YGL186C_W303,P53099
YGL187C_W303,P04037
YGL189C_W303,P39938
YGL190C_W303,Q00362
YGL191W_W303,P32799
YGL192W_W303,P41833
YGL193C_W303,P53097
YGL194C_W303,P53096
YGL195W_W303,P33892
YGL196W_W303,P53095
YGL197W_W303,P53094
YGL198W_W303,P53093
YGL200C_W303,P32803
YGL201C_W303,P53091
YGL202W_W303,P53090
YLR154C_W303,Q12338
YLR153C_W303,P52910
YLR152C_W303,P54072
YLR151C_W303,Q12524
YLR150W_W303,P39015
YLR149C_W303,Q99296
YLR148W_W303,P27801
YLR147C_W303,P43321
YLR146C_W303,Q12455
YLR145W_W303,Q12530
YLR144C_W303,Q12168
YLR143W_W303,Q12429
YLR142W_W303,P09368
YLR141W_W303,Q02983
YLR139C_W303,P42900
YLR138W_W303,Q99271
YLR137W_W303,Q12367
YLR136C_W303,P47977
YLR135W_W303,Q12098
YLR134W_W303,P16467
YLR133W_W303,P20485
YLR132C_W303,Q12208
YLR131C_W303,P21192
YLR130C_W303,Q12436
YLR129W_W303,Q12220
YLR127C_W303,Q12440
YLR126C_W303,Q12288
YLR125W_W303,Q12138
YLR124W_W303,Q12327
YLR122C_W303,Q12312
YLR121C_W303,Q12303
YLR120C_W303,P32329
YLR119W_W303,Q99176
YLR118C_W303,Q12354
YLR117C_W303,Q12309
YLR116W_W303,Q12186
YLR115W_W303,Q12102
YLR114C_W303,Q12500
YLR113W_W303,P32485
YLR112W_W303,Q12130
YLR111W_W303,Q12528
YLR110C_W303,Q12127
YLR109W_W303,P38013
YLR108C_W303,Q12259
YLR107W_W303,Q12090
YLR106C_W303,Q12019
YLR105C_W303,P16658
YLR104W_W303,Q08045
YLR103C_W303,Q08032
YLR102C_W303,Q12107
YLR100W_W303,Q12452
YLR099C_W303,Q12385
YLR098C_W303,P43634
YLR097C_W303,Q12347
YLR096W_W303,P13186
YLR095C_W303,Q12072
YLR094C_W303,Q12418
YLR093C_W303,Q12255
YLR092W_W303,Q12325
YLR091W_W303,Q12393
YLR090W_W303,P39102
YLR089C_W303,P52893
YLR088W_W303,P39012
YLR087C_W303,Q12150
YLR086W_W303,Q12267
YLR085C_W303,Q12509
YLR084C_W303,Q12465
YLR083C_W303,P32802
YLR082C_W303,Q12020
YLR081W_W303,P13181
YLR080W_W303,Q12396
YLR079W_W303,P38634
YLR078C_W303,P25385
YLR077W_W303,Q08023
YLR075W_W303,P41805
YLR074C_W303,Q08004
YLR073C_W303,Q08003
YLR072W_W303,Q08001
YLR071C_W303,P19263
YLR070C_W303,Q07993
YLR069C_W303,P25039
YLR068W_W303,Q12247
YLR067C_W303,P32522
YLR066W_W303,Q12133
YLR065C_W303,Q99382
YLR064W_W303,Q12144
YLR063W_W303,Q12291
YLR061W_W303,P05749
YLR060W_W303,P15624
YLR059C_W303,P54964
YLR058C_W303,P37291
YLR057W_W303,Q12205
YLR056W_W303,P32353
YLR055C_W303,P38915
YLR054C_W303,Q12202
YLR053C_W303,Q12026
YLR052W_W303,Q12345
YLR051C_W303,Q12035
YLR050C_W303,Q12155
YLR049C_W303,Q12110
YLR047C_W303,Q12209
YLR046C_W303,Q12253
YLR045C_W303,P46675
YLR044C_W303,P06169
YLR043C_W303,P22217
YLR042C_W303,Q07990
YLR040C_W303,Q07988
YLR039C_W303,P40395
YDR385W_W303,P32324
YDR386W_W303,Q04149
YDR387C_W303,Q04162
YDR388W_W303,P39743
YDR389W_W303,P17121
YDR390C_W303,P52488
YDR391C_W303,Q04170
YDR392W_W303,P06844
YDR393W_W303,Q04172
YDR394W_W303,P33298
YDR395W_W303,Q04175
YDR397C_W303,Q92317
YDR398W_W303,Q04177
YDR399W_W303,Q04178
YDR400W_W303,Q04179
YDR402C_W303,P21595
YDR403W_W303,P21623
YDR404C_W303,P34087
YDR405W_W303,P32387
YDR406W_W303,Q04182
YDR407C_W303,Q04183
YDR408C_W303,P04161
YDR409W_W303,Q04195
YDR410C_W303,P32584
YDR411C_W303,Q12743
YDR412W_W303,Q04031
YDR414C_W303,P16151
YDR415C_W303,Q04033
YDR416W_W303,Q04048
YDR418W_W303,P0CX54
YDR419W_W303,Q04049
YDR420W_W303,P41809
YDR421W_W303,Q04052
YDR422C_W303,P32578
YDR423C_W303,P24813
YDR425W_W303,Q04053
YDR427W_W303,Q04062
YDR428C_W303,Q04066
YDR429C_W303,Q04067
YDR430C_W303,P32898
YDR432W_W303,Q01560
YDR434W_W303,Q04080
YDR435C_W303,Q04081
YDR436W_W303,P33329
YDR437W_W303,Q04082
YDR438W_W303,Q04083
YDR439W_W303,Q04087
YDR440W_W303,Q04089
YDR441C_W303,P36973
YDR443C_W303,P38931
YDR444W_W303,Q04093
YMR118C_W303,Q04487
YMR117C_W303,Q04477
YMR115W_W303,Q04472
YMR114C_W303,Q04471
YMR113W_W303,Q12676
YMR112C_W303,Q99278
YMR111C_W303,Q04461
YMR110C_W303,Q04458
YMR109W_W303,Q04439
YMR108W_W303,P07342
YMR107W_W303,Q04438
YMR106C_W303,Q04437
YMR105C_W303,P37012
YMR104C_W303,P18961
YMR103C_W303,Q04436
YMR102C_W303,Q03177
YMR101C_W303,Q03175
YMR100W_W303,Q03162
YMR099C_W303,Q03161
YMR098C_W303,Q03153
YMR097C_W303,Q03151
YMR096W_W303,Q03148
YMR095C_W303,Q03144
YMR094W_W303,P35203
YMR093W_W303,Q04305
YMR092C_W303,P46680
YMR091C_W303,P32832
YMR090W_W303,Q04304
YMR089C_W303,P40341
YMR088C_W303,Q04301
YMR087W_W303,Q04299
YMR086W_W303,Q04279
YMR085W_W303,P0CF18
YMR083W_W303,P07246
YMR082C_W303,Q04276
YMR081C_W303,P32488
YMR080C_W303,P30771
YMR078C_W303,P49956
YMR077C_W303,Q04272
YMR076C_W303,Q04264
YMR075W_W303,Q04779
YMR074C_W303,Q04773
YMR073C_W303,Q04772
YMR072W_W303,Q02486
YMR071C_W303,Q04767
YMR070W_W303,P54785
YMR069W_W303,Q04751
YMR068W_W303,Q04749
YMR067C_W303,P54730
YMR066W_W303,Q04748
YMR065W_W303,Q04746
YMR064W_W303,P32493
YMR063W_W303,Q04734
YMR062C_W303,Q04728
YMR061W_W303,P25298
YMR060C_W303,P50110
YMR059W_W303,Q04675
YMR058W_W303,P38993
YMR057C_W303,Q04674
YMR056C_W303,P04710
YMR055C_W303,P26448
YMR054W_W303,P37296
YMR053C_W303,P46679
YMR052W_W303,P46671
YCL074W_W303,P25600
YCL076W_W303,P25602
YBR030W_W303,P38222
YBR029C_W303,P38221
YBR028C_W303,P38070
YBR027C_W303,P38220
YBR026C_W303,P38071
YBR025C_W303,P38219
YBR024W_W303,P38072
YBR023C_W303,P29465
YBR022W_W303,P38218
YBR021W_W303,P05316
YBR020W_W303,P04385
YBR019C_W303,P04397
YBR018C_W303,P08431
YBR017C_W303,P38217
YBR016W_W303,P38216
YBR015C_W303,P38069
YBR014C_W303,P38068
YBR011C_W303,P00817
YBR010W_W303,P61830
YBR009C_W303,P02309
YBR008C_W303,P38124
YBR007C_W303,P38213
YBR006W_W303,P38067
YBR005W_W303,P38212
YBR004C_W303,P38211
YBR003W_W303,P18900
YBR002C_W303,P35196
YBR001C_W303,P35172
YBL001C_W303,P35195
YBL002W_W303,P02294
YBL003C_W303,P04912
YBL004W_W303,P35194
YCR097W_W303,P0CY11
YIL060W_W303,P40519
YIL059C_W303,P40520
YIL057C_W303,P40188
YIL056W_W303,P40522
YIL055C_W303,P40523
YIL054W_W303,P40524
YIL053W_W303,P41277
YIL051C_W303,P40185
YIL050W_W303,P40186
YIL049W_W303,P40526
YIL048W_W303,P40527
YIL047C_W303,P40528
YIL046W_W303,P39014
YIL045W_W303,P40187
YIL044C_W303,P40529
YIL043C_W303,P38626
YIL042C_W303,P40530
YIL041W_W303,P40531
YIL040W_W303,P40532
YIL039W_W303,P40533
YIL038C_W303,P06102
YIL037C_W303,P40534
YIL036W_W303,P40535
YIL035C_W303,P15790
YIL034C_W303,P13517
YIL033C_W303,P07278
YIL032C_W303,P40536
YIL031W_W303,P40537
YIL030C_W303,P40318
YIL029C_W303,P40538
YIL028W_W303,P40539
YIL027C_W303,P40540
YIL026C_W303,P40541
YIL025C_W303,P40542
YIL024C_W303,P40543
YIL023C_W303,P40544
YIL022W_W303,Q01852
YIL021W_W303,P16370
YIL020C_W303,P40545
YIL019W_W303,P40546
YGR191W_W303,P06775
YNL284C_W303,P36520
YNL283C_W303,P53832
YNL282W_W303,P53833
YNL281W_W303,P53834
YNL280C_W303,P32462
YNL279W_W303,P53835
YNL278W_W303,P53836
YNL277W_W303,P08465
YNL275W_W303,P53838
YNL274C_W303,P53839
YNL273W_W303,P53840
YNL272C_W303,P17065
YNL271C_W303,P41832
YNL270C_W303,P38971
YNL269W_W303,P53841
YNL268W_W303,P32487
YNL267W_W303,P39104
YNL265C_W303,P53843
YNL264C_W303,P53844
YNL263C_W303,P53845
YNL262W_W303,P21951
YNL261W_W303,P50874
YNL260C_W303,P53846
YNL258C_W303,P53847
YNL257C_W303,P38717
YNL256W_W303,P53848
YNL255C_W303,P53849
YNL254C_W303,P53850
YNL253W_W303,P53851
YNL252C_W303,P36528
YNL251C_W303,P53617
YNL250W_W303,P12753
YNL249C_W303,P53583
YNL248C_W303,Q01080
YNL247W_W303,P53852
YNL245C_W303,P53854
YNL244C_W303,P32911
YNL243W_W303,P33338
YNL242W_W303,P53855
YNL241C_W303,P11412
YNL240C_W303,P23503
YNL239W_W303,Q01532
YNL238W_W303,P13134
YNL237W_W303,P53584
YNL236W_W303,P32259
YNL234W_W303,P53857
YNL233W_W303,P53858
YNL232W_W303,P53859
YNL231C_W303,P53860
YNL230C_W303,P53861
YNL229C_W303,P23202
YNL227C_W303,P53863
YNL225C_W303,P53865
YNL224C_W303,P53866
YNL223W_W303,P53867
YNL222W_W303,P53538
YNL221C_W303,P41812
YNL220W_W303,P80210
YNL219C_W303,P53868
YNL218W_W303,P40151
YNL217W_W303,P40152
YNL216W_W303,P11938
YNL215W_W303,P40154
YNL214W_W303,P40155
YNL213C_W303,P40156
YNL212W_W303,P40157
YNL210W_W303,P16523
YPR159W_W303,P32486
YPR160W_W303,P06738
YPR161C_W303,P23293
YPR162C_W303,P54791
YPR163C_W303,P34167
YPR164W_W303,Q06211
YPR165W_W303,P06780
YPR166C_W303,P10663
YPR167C_W303,P18408
YPR168W_W303,Q06213
YPR169W_W303,Q06214
YPR171W_W303,Q06604
YPR172W_W303,Q06608
YPR173C_W303,P52917
YPR174C_W303,Q06616
YPR175W_W303,P24482
YPR176C_W303,P20133
YPR178W_W303,P20053
YPR179C_W303,Q06623
YPR180W_W303,Q06624
YPR181C_W303,P15303
YPR183W_W303,P14020
YPR184W_W303,Q06625
YPR185W_W303,Q06628
YPR186C_W303,P39933
YPR187W_W303,P20435
YPR188C_W303,Q06580
YPR189W_W303,P17883
YPR190C_W303,P32349
YPR191W_W303,P07257
YPR192W_W303,P0CD91
YPR193C_W303,Q06592
YPR194C_W303,Q06593
YPR195C_W303,Q06594
YPR196W_W303,Q06595
YPR198W_W303,P33335
YPR199C_W303,Q06596
YPR200C_W303,Q06597
YPR201W_W303,Q06598
YJL010C_W303,P47077
YJL008C_W303,P47079
YJL007C_W303,P47080
YJL006C_W303,P46962
YJL005W_W303,P08678
YJL004C_W303,P41544
YJL003W_W303,P47081
YJL002C_W303,P41543
YJL001W_W303,P38624
YJR001W_W303,P47082
YJR002W_W303,P47083
YJR003C_W303,P47084
YJR004C_W303,P20840
YJR005W_W303,P27351
YJR006W_W303,P46957
YJR007W_W303,P20459
YJR008W_W303,P47085
YCR098C_W303,P25346
YCR100C_W303,P25606
YCR101C_W303,P25607
YCR102C_W303,P25608
YML038C_W303,Q03697
YML037C_W303,Q03703
YML036W_W303,Q03705
YML035C_W303,P15274
YML034W_W303,Q03707
YML032C_W303,P06778
YML031W_W303,P32500
YML030W_W303,Q03713
YML029W_W303,Q03714
YML028W_W303,P34760
YML027W_W303,P34161
YLR010C_W303,Q07921
YLR009W_W303,Q07915
YLR008C_W303,Q07914
YLR007W_W303,Q07913
YLR006C_W303,Q07084
YLR005W_W303,Q04673
YLR004C_W303,Q07904
YLR003C_W303,Q07897
YLR002C_W303,Q07896
YLR001C_W303,Q07895
YLL001W_W303,P54861
YLL002W_W303,Q07794
YLL003W_W303,Q12369
YLL004W_W303,P54790
YLL005C_W303,Q07798
YLL006W_W303,P41800
YLL007C_W303,Q07799
YLL008W_W303,P32892
YLL010C_W303,Q07800
YLL011W_W303,P33750
YLL012W_W303,Q07804
YLL013C_W303,Q07807
YLL014W_W303,Q12431
YLL015W_W303,P14772
YLL016W_W303,P0CF34
YLL018C_W303,P04802
YLL019C_W303,P32350
YLL021W_W303,P23201
YLL022C_W303,Q12373
YLL023C_W303,Q12164
YJR054W_W303,P47114
YJR053W_W303,P47113
YJR052W_W303,P06779
YJR051W_W303,P21375
YJR050W_W303,P21374
YJR049C_W303,P21373
YJR048W_W303,P00044
YJR047C_W303,P19211
YJR154W_W303,P47181
YJR153W_W303,P47180
YJR152W_W303,P15365
YJR151C_W303,P47179
YJR150C_W303,P47178
YJR149W_W303,P47177
YJR148W_W303,P47176
YJR147W_W303,P47175
YOR143C_W303,P35202
YOR144C_W303,Q12050
YOR145C_W303,Q99216
YOR147W_W303,Q12171
YOR148C_W303,Q02521
YOR149C_W303,Q04174
YOR150W_W303,Q12487
YOR151C_W303,P08518
YOR152C_W303,Q99325
YOR153W_W303,P33302
YOR154W_W303,Q12232
YOR155C_W303,Q99312
YOR156C_W303,Q12216
YOR157C_W303,P25043
YOR158W_W303,P17558
YOR160W_W303,Q99189
YOR161C_W303,Q12412
YOR162C_W303,Q12172
YOR163W_W303,Q99321
YOR164C_W303,Q12125
YOR165W_W303,Q99287
YOR166C_W303,Q12104
YOR168W_W303,P13188
YOR171C_W303,Q12246
YOR172W_W303,Q12340
YOR173W_W303,Q12123
YOR174W_W303,Q12343
YOR175C_W303,Q08548
YOR176W_W303,P16622
YOR177C_W303,Q08550
YOR178C_W303,P28006
YOR179C_W303,Q08553
YOR180C_W303,Q08558
YOR181W_W303,Q12446
YOR183W_W303,Q08559
YOR184W_W303,P33330
YOR185C_W303,P32836
YOR186W_W303,Q08560
YOR187W_W303,P02992
YOR188W_W303,P21339
YOR189W_W303,Q08561
YOR190W_W303,P32603
YOR191W_W303,Q08562
YOR192C_W303,Q08579
YBL099W_W303,P07251
YBL098W_W303,P38169
YBL097W_W303,P38170
YBL095W_W303,P38172
YBL093C_W303,P25046
YBL092W_W303,P38061
YBL091C-A_W303,Q6Q595
YBL091C_W303,P38174
YBL090W_W303,P38175
YBL089W_W303,P38176
YBL088C_W303,P38110
YBL086C_W303,P38177
YBL085W_W303,P38041
YBL084C_W303,P38042
YBL082C_W303,P38179
YBL081W_W303,P38180
YBL080C_W303,P33893
YBL079W_W303,P38181
YBL078C_W303,P38182
YBL076C_W303,P09436
YBL075C_W303,P09435
YBL074C_W303,P32357
YBL071C_W303,P38185
YBL069W_W303,P35183
YBL068W_W303,P38063
YBL067C_W303,P38187
YBL066C_W303,P34228
YBL064C_W303,P34227
YBL063W_W303,P28742
YBL061C_W303,P34226
YBL060W_W303,P34225
YBL059W_W303,P34224
YBL058W_W303,P34223
YBL057C_W303,P34222
YBL056W_W303,P34221
YBL055C_W303,P34220
YBL052C_W303,P34218
YBL051C_W303,P34217
YBL050W_W303,P32602
YBL049W_W303,P38191
YBL048W_W303,P38192
YBL047C_W303,P34216
YBL046W_W303,P38193
YBL045C_W303,P07256
YBL044W_W303,P38194
YBL043W_W303,P38195
YBL042C_W303,P38196
YBL041W_W303,P23724
YBL039C_W303,P28274
YBL038W_W303,P38064
YBL037W_W303,P38065
YBL036C_W303,P38197
YBL035C_W303,P38121
YBL034C_W303,P38198
YBL033C_W303,P38066
YBL032W_W303,P38199
YBL031W_W303,P38200
YBL030C_W303,P18239
YBL029W_W303,P38201
YBL028C_W303,P38202
YBL025W_W303,P38204
YBL024W_W303,P38205
YBL023C_W303,P29469
YBL022C_W303,P36775
YBL021C_W303,P13434
YBL020W_W303,P38206
YBL019W_W303,P38207
YBL017C_W303,P32319
YBL016W_W303,P16892
YBL015W_W303,P32316
YBL014C_W303,P32786
YBL013W_W303,P32785
YBL011W_W303,P32784
YBL010C_W303,P32788
YBL009W_W303,P32789
YBL008W_W303,P32479
YBL007C_W303,P32790
YBL006C_W303,P38210
YBL005W_W303,P33200
YNL097C_W303,P50947
YNL098C_W303,P01120
YNL099C_W303,P50946
YNL100W_W303,P50945
YNL101W_W303,P50944
YNL102W_W303,P13382
YNL103W_W303,P32389
YNL104C_W303,P06208
YNL106C_W303,P50942
YNL107W_W303,P53930
YNL108C_W303,P53929
YNL110C_W303,P53927
YNL111C_W303,P40312
YNL113W_W303,P28000
YNL115C_W303,P53925
YNL116W_W303,P53924
YNL117W_W303,P30952
YNL118C_W303,P53550
YNL119W_W303,P53923
YNL121C_W303,P07213
YNL122C_W303,P53921
YNL123W_W303,P53920
YNL124W_W303,P53919
YNL125C_W303,P53918
YNL126W_W303,P53540
YNL127W_W303,P53917
YNL128W_W303,P53916
YNL129W_W303,P53915
YNL130C_W303,P17898
YNL131W_W303,P49334
YNL132W_W303,P53914
YNL133C_W303,P53913
YNL134C_W303,P53912
YNL135C_W303,P20081
YNL136W_W303,P53911
YNL137C_W303,P27929
YNL138W_W303,P17555
YNL139C_W303,P53552
YNL141W_W303,P53909
YNL142W_W303,P41948
YNL143C_W303,P53908
YNL144C_W303,P53907
YNL146W_W303,P53906
YNL148C_W303,P53904
YNL149C_W303,P53903
YNL151C_W303,P17890
YNL152W_W303,P53901
YNL153C_W303,P53900
YNL154C_W303,P23292
YNL155W_W303,P53899
YNL156C_W303,P53898
YNL157W_W303,P53897
YNL158W_W303,P53896
YNL159C_W303,P53895
YNL160W_W303,P38616
YNL161W_W303,P53894
YNL163C_W303,P53893
YNL164C_W303,P53892
YNL165W_W303,P53891
YNL166C_W303,P53890
YNL167C_W303,Q02100
YNL168C_W303,P53889
YNL169C_W303,P39006
YNL172W_W303,P53886
YNL173C_W303,P53885
YNL175C_W303,P53883
YNL176C_W303,P53882
YNL177C_W303,P53881
YNL178W_W303,P05750
YNL179C_W303,P53880
YNL180C_W303,P53879
YNL181W_W303,P53878
YNL182C_W303,P53877
YNL183C_W303,P22211
YNL185C_W303,P53875
YNL186W_W303,P53874
YNL187W_W303,P53873
YNL188W_W303,P11927
YNL189W_W303,Q02821
YNL190W_W303,P53872
YNL191W_W303,P53871
YNL192W_W303,P08004
YNL193W_W303,P53870
YNL194C_W303,P40169
YNL195C_W303,P40168
YNL196C_W303,P40167
YNL197C_W303,P34761
YNL199C_W303,Q01722
YNL200C_W303,P40165
YNL201C_W303,P40164
YNL202W_W303,P32573
YNL204C_W303,P32572
YNL206C_W303,P40161
YNL207W_W303,P40160
YNL208W_W303,P40159
YDR317W_W303,Q06674
YDR319C_W303,Q06676
YDR320C_W303,Q06677
YDR321W_W303,P38986
YDR322W_W303,Q06678
YDR323C_W303,P32609
YDR324C_W303,Q06679
YDR325W_W303,Q06680
YDR326C_W303,Q06681
YDR328C_W303,P52286
YDR329C_W303,P28795
YDR330W_W303,Q06682
YDR331W_W303,P49018
YDR332W_W303,Q06683
YDR333C_W303,Q05468
YDR334W_W303,Q05471
YDR335W_W303,P52918
YDR336W_W303,Q05473
YDR337W_W303,P21771
YDR338C_W303,Q05497
YDR339C_W303,Q05498
YLR424W_W303,Q06411
YLR423C_W303,Q06410
YLR422W_W303,Q06409
YLR421C_W303,O13563
YLR420W_W303,P20051
YLR419W_W303,Q06698
YLR418C_W303,Q06697
YLR417W_W303,Q06696
YLR415C_W303,O13578
YLR414C_W303,Q06991
YLR413W_W303,Q06689
YLR412W_W303,Q06688
YLR411W_W303,Q06686
YML092C_W303,P23639
YML096W_W303,Q04489
YML097C_W303,P54787
YML098W_W303,P11747
YML099C_W303,P05085
YML100W_W303,P38427
YML101C_W303,Q04201
YML102W_W303,Q04199
YML103C_W303,P52593
YML104C_W303,Q01846
YML105C_W303,P29478
YML106W_W303,P13298
YML107C_W303,Q03760
YML108W_W303,Q03759
YML109W_W303,P54786
YML110C_W303,P49017
YML111W_W303,Q03758
YML112W_W303,P46963
YML114C_W303,Q03750
YML115C_W303,P23642
YML116W_W303,P13090
YML117W_W303,Q03735
YML118W_W303,Q03210
YML119W_W303,Q03208
YML120C_W303,P32340
YML121W_W303,Q00582
YML122C_W303,Q03207
YML123C_W303,P25297
YML124C_W303,P09734
YML125C_W303,Q12746
YML126C_W303,P54839
YML127W_W303,Q03124
YML128C_W303,Q03104
YML130C_W303,Q03103
YML131W_W303,Q03102
YFL003C_W303,P40965
YFL004W_W303,P43585
YFL005W_W303,P07560
YFL007W_W303,P43583
YFL008W_W303,P32908
YFL010C_W303,P43582
YFL011W_W303,P43581
YFL012W_W303,P43580
YFL013C_W303,P43579
YFL014W_W303,P22943
YFL015C_W303,P43578
YFL016C_W303,P35191
YFL017C_W303,P43577
YFL018C_W303,P09624
YFL019C_W303,P43576
YLR035C_W303,Q07980
YLR034C_W303,Q12078
YLR033W_W303,Q07979
YLR032W_W303,P32849
YLR031W_W303,Q07978
YLR030W_W303,Q07967
YLR028C_W303,P54113
YLR027C_W303,P23542
YLR026C_W303,Q01590
YLR025W_W303,P39929
YLR024C_W303,Q07963
YLR023C_W303,Q07959
YLR022C_W303,Q07953
YLR021W_W303,Q07951
YLR020C_W303,Q07950
YLR019W_W303,Q07949
YLR018C_W303,Q12445
YLR017W_W303,Q07938
YLR016C_W303,Q07930
YLR015W_W303,P43132
YLR014C_W303,P07272
YLR013W_W303,Q07928
YLR012C_W303,Q07927
YLR011W_W303,Q07923
YGR289C_W303,P53048
YGR288W_W303,P53338
YDR107C_W303,Q04562
YDR108W_W303,P46944
YDR109C_W303,Q04585
YDR110W_W303,O13329
YDR111C_W303,P52892
YDR113C_W303,P40316
YDR115W_W303,Q04598
YDR116C_W303,Q04599
YDR117C_W303,Q04600
YDR118W_W303,Q04601
YDR119W_W303,Q04602
YDR120C_W303,P15565
YDR121W_W303,Q04603
YDR122W_W303,P13185
YDR123C_W303,P26798
YDR124W_W303,Q04608
YDR125C_W303,Q04623
YDR126W_W303,Q04629
YDR127W_W303,P08566
YDR128W_W303,Q03897
YDR129C_W303,P32599
YDR130C_W303,Q03898
YDR131C_W303,Q03899
YDR132C_W303,Q03900
YDR133C_W303,Q03904
YDR135C_W303,P39109
YDR137W_W303,P16664
YDR138W_W303,P17629
YDR140W_W303,Q03920
YDR141C_W303,Q03921
YDR142C_W303,P39108
YDR143C_W303,P22470
YDR144C_W303,P53379
YDR145W_W303,Q03761
YDR146C_W303,P08153
YDR147W_W303,Q03764
YDR148C_W303,P19262
YDR149C_W303,A0A023PXH9
YEL072W_W303,P39975
YEL071W_W303,P39976
YEL070W_W303,P0CX08
YEL068C_W303,P39977
YEL067C_W303,P39978
YEL065W_W303,P39980
YEL064C_W303,P39981
YEL063C_W303,P04817
YEL062W_W303,P39923
YEL061C_W303,P27895
YEL060C_W303,P09232
YEL059W_W303,P39982
YEL058W_W303,P38628
YEL057C_W303,P39983
YEL056W_W303,P39984
YEL055C_W303,P39985
YEL053W-A_W303,A0A023PXC2
YEL053C_W303,Q02197
YEL052W_W303,P32317
YEL051W_W303,P32610
YEL050C_W303,P32611
YDL227C_W303,P09932
YDL226C_W303,P35197
YDL225W_W303,Q07657
YDL224C_W303,Q07655
YDL223C_W303,Q07653
YDL222C_W303,Q07651
YDL220C_W303,P32797
YDL219W_W303,Q07648
YDL218W_W303,Q07629
YDL217C_W303,Q12328
YDL216C_W303,Q12468
YDL215C_W303,P33327
YDL214C_W303,Q12310
YDL213C_W303,Q07623
YDL212W_W303,Q02774
YDL211C_W303,Q12121
YDL210W_W303,P32837
YDL209C_W303,Q12046
YDL208W_W303,P32495
YDL207W_W303,Q12315
YDL206W_W303,Q12424
YDL205C_W303,P28789
YDL204W_W303,Q12443
YDL203C_W303,Q07622
YDL202W_W303,P36521
YDL201W_W303,Q12009
YDL200C_W303,P26188
YDL199C_W303,Q12407
YDL198C_W303,P38988
YDL197C_W303,P32448
YDL196W_W303,Q12187
YDL195W_W303,P38968
YDL194W_W303,P10870
YDL193W_W303,Q12063
YDL192W_W303,P11076
YDL190C_W303,P54860
YDL189W_W303,Q05672
YDL182W_W303,P48570
YDL180W_W303,Q12301
YDL179W_W303,Q12477
YDL178W_W303,P46681
YDL177C_W303,Q12257
YDL176W_W303,Q12027
YDL175C_W303,Q12476
YDL174C_W303,P32891
YDL173W_W303,Q12515
YDL171C_W303,Q12680
YDL170W_W303,P26370
YDL169C_W303,P32772
YDL168W_W303,P32771
YDL167C_W303,P32770
YDL166C_W303,Q12055
YDL165W_W303,P06100
YDL164C_W303,P04819
YDL161W_W303,Q12518
YDL160C_W303,P39517
YDL159W_W303,P06784
YDL157C_W303,Q12082
YDL156W_W303,Q12510
YDL155W_W303,P24870
YDL154W_W303,Q12175
YDL153C_W303,Q12136
YDL150W_W303,P25441
YDL149W_W303,Q12142
YDL148C_W303,Q99207
YDL147W_W303,Q12250
YDL146W_W303,Q12342
YDL145C_W303,P53622
YDL144C_W303,Q07589
YDL143W_W303,P39078
YDL142C_W303,Q07560
YDL141W_W303,P48445
YDL140C_W303,P04050
YDL139C_W303,Q12334
YDL138W_W303,Q12300
YDL137W_W303,P19146
YDL135C_W303,Q12434
YLR442C_W303,P06701
YLR443W_W303,Q06200
YLR446W_W303,Q06204
YLR447C_W303,P32366
YLR448W_W303,P05739
YLR449W_W303,Q06205
YLR450W_W303,P12684
YLR451W_W303,P08638
YLR452C_W303,P11972
YLR453C_W303,Q06208
YLR454W_W303,Q06179
YLR455W_W303,Q06188
YLR456W_W303,Q06199
YLR457C_W303,P52919
YLR459W_W303,P41733
YLR460C_W303,P54007
YCR028C_W303,P25621
YCR030C_W303,P25623
YCR032W_W303,P25356
YCR033W_W303,P25357
YCR034W_W303,P25358
YCR035C_W303,P25359
YCR036W_W303,P25332
YCR037C_W303,P25360
YCR038C_W303,P25300
YAR019C_W303,P27636
YAR018C_W303,P22209
YAR015W_W303,P27616
YAR014C_W303,P27637
YDR039C_W303,Q01896
YDL133W_W303,Q12516
YDL132W_W303,Q12018
YNR075W_W303,P52924
YNR068C_W303,P53754
YNR067C_W303,P53753
YJL011C_W303,P47076
YJL012C_W303,P47075
YJL013C_W303,P47074
YJL014W_W303,P39077
YJL016W_W303,P47072
YJL019W_W303,P47069
YJL020C_W303,P47068
YJL023C_W303,P47065
YJL024C_W303,P47064
YJL025W_W303,P40992
YJL026W_W303,P09938
YJL027C_W303,P47063
YJL028W_W303,P47062
YJL029C_W303,P47061
YJL030W_W303,P40958
YJL033W_W303,P20448
YJL034W_W303,P16474
YJL035C_W303,P47058
YJL036W_W303,P47057
YJL037W_W303,P47056
YJL038C_W303,P47055
YJL039C_W303,P47054
YJL042W_W303,P43638
YJL043W_W303,P47053
YJL044C_W303,P32806
YJL045W_W303,P47052
YBR240C_W303,P38141
YDR035W_W303,P14843
YDR036C_W303,P28817
YDR037W_W303,P15180
YDR038C_W303,Q12691
YML064C_W303,P38987
YML065W_W303,P54784
YML066C_W303,Q04658
YML067C_W303,Q04651
YML068W_W303,Q04638
YML069W_W303,Q04636
YML070W_W303,P54838
YML071C_W303,Q04632
YML072C_W303,Q03640
YML074C_W303,P38911
YML075C_W303,P12683
YML076C_W303,Q03631
YML077W_W303,Q03630
YML078W_W303,P25719
YML079W_W303,Q03629
YML080W_W303,P53759
YML081W_W303,Q04545
YML082W_W303,Q04533
YML083C_W303,Q04526
YML086C_W303,P54783
YML087C_W303,Q04516
YML088W_W303,Q04511
YML090W_W303,Q04501
YML091C_W303,Q02773
YPR079W_W303,Q06815
YPR078C_W303,Q06813
YPR075C_W303,Q06810
YPR074C_W303,P23254
YPR073C_W303,P40347
YPR072W_W303,Q12514
YPR071W_W303,Q12346
YPR070W_W303,Q12321
YPR069C_W303,Q12074
YPR068C_W303,Q12214
YPR067W_W303,Q12425
YPR066W_W303,Q99344
YPR065W_W303,P25042
YPR064W_W303,Q12492
YPR063C_W303,Q12160
YPR062W_W303,Q12178
YPR061C_W303,Q12350
YPR060C_W303,P32178
YPR058W_W303,P32331
YPR057W_W303,Q99177
YPR056W_W303,Q12004
YPR055W_W303,P32855
YPR054W_W303,P41808
YPR053C_W303,Q6Q5F3
YPR051W_W303,Q03503
YPR049C_W303,Q12527
YPR048W_W303,Q12181
YPR047W_W303,P08425
YPR046W_W303,Q12262
YPR045C_W303,Q12049
YPR042C_W303,Q12221
YPR041W_W303,P38431
YPR040W_W303,Q12199
YPR037C_W303,Q12284
YPR036W_W303,P41807
YPR035W_W303,P32288
YPR034W_W303,Q12406
YPR033C_W303,P07263
YPR032W_W303,Q12038
YPR031W_W303,Q12311
YPR030W_W303,Q12734
YPR029C_W303,Q12028
YPR027C_W303,Q12079
YPR026W_W303,P48016
YPR025C_W303,P37366
YPR024W_W303,P32795
YPR023C_W303,Q12432
YPR022C_W303,Q12139
YPR021C_W303,Q12482
YPR020W_W303,Q12233
YPR019W_W303,P30665
YPR018W_W303,Q12495
YPR017C_W303,P32601
YPR016C_W303,Q12522
YPR015C_W303,Q12531
YPR014C_W303,Q6B0W2
YPR013C_W303,Q12145
YPR011C_W303,Q12251
YPR010C-A_W303,A5Z2X5
YPR010C_W303,P22138
YPR009W_W303,Q12286
YPR008W_W303,Q12753
YPR007C_W303,Q12188
YPR006C_W303,Q12031
YPR005C_W303,Q01766
YPR004C_W303,Q12480
YPR003C_W303,P53394
YPL059W_W303,Q02784
YPL058C_W303,Q02785
YPL057C_W303,P33300
YPL056C_W303,Q02786
YPL055C_W303,Q02796
YPL054W_W303,Q02799
YPL053C_W303,P54070
YPL051W_W303,Q02804
YPL050C_W303,P39107
YPL049C_W303,Q03063
YPL048W_W303,P29547
YPL045W_W303,Q03308
YPL043W_W303,P37838
YPL042C_W303,P39073
YPL041C_W303,Q03079
YPL040C_W303,P48526
YPL039W_W303,Q03080
YPL038W_W303,Q03081
YPL037C_W303,Q02642
YPL036W_W303,P19657
YPL034W_W303,Q03083
YPL033C_W303,Q03085
YPL032C_W303,Q03088
YPL030W_W303,Q02648
YPL029W_W303,P32580
YPL028W_W303,P41338
YPL027W_W303,Q02651
YPL026C_W303,Q12505
YPL025C_W303,Q02659
YPL024W_W303,Q02685
YPL023C_W303,P46151
YPL022W_W303,P06777
YPL021W_W303,Q02710
YPL020C_W303,Q02724
YPL019C_W303,Q02725
YPL018W_W303,Q02732
YPL016W_W303,P09547
YPL015C_W303,P53686
YPL014W_W303,Q02606
YPL013C_W303,Q02608
YPL012W_W303,Q12754
YPL011C_W303,Q12297
YPL010W_W303,P53600
YPL009C_W303,Q12532
YPL008W_W303,P22516
YPL007C_W303,Q12308
YPL006W_W303,Q12200
YPL005W_W303,Q12089
YPL004C_W303,Q12230
YPL003W_W303,Q12059
YPL002C_W303,Q12483
YPL001W_W303,Q12341
YPR001W_W303,P43635
YPR002W_W303,Q12428
YEL048C_W303,P32613
YEL047C_W303,P32614
YEL046C_W303,P37303
YEL045C_W303,P32616
YEL044W_W303,P32617
YEL043W_W303,P32618
YEL042W_W303,P32621
YEL041W_W303,P32622
YEL040W_W303,P32623
YEL039C_W303,P00045
YEL038W_W303,P32626
YEL037C_W303,P32628
YEL036C_W303,P32629
YEL035C_W303,P32630
YER159C_W303,P40096
YER158C_W303,P40095
YER157W_W303,P40094
YER156C_W303,P40093
YER155C_W303,P39960
YER154W_W303,P39952
YER153C_W303,P10355
YER152C_W303,P10356
YER151C_W303,Q01477
YER150W_W303,P40092
YER149C_W303,P40091
YER148W_W303,P13393
YER147C_W303,P40090
YER145C-A_W303,A0A023PYF4
YER145C_W303,P40088
YER144C_W303,P39944
YER143W_W303,P40087
YER142C_W303,P22134
YER141W_W303,P40086
YER140W_W303,P40085
YER139C_W303,P40084
YJL138C_W303,P10081
YJL139C_W303,P26725
YJL140W_W303,P20433
YJL141C_W303,P14680
YJL143W_W303,P39515
YJL144W_W303,P47009
YJL145W_W303,P47008
YJL146W_W303,P46958
YJL147C_W303,P47007
YJL148W_W303,P47006
YJL149W_W303,P47005
YJL151C_W303,P14359
YJL153C_W303,P11986
YJL154C_W303,P34110
YJL155C_W303,P32604
YJL156C_W303,P47002
YJL157C_W303,P21268
YJL158C_W303,P47001
YJL160C_W303,P46999
YJL161W_W303,P46998
YJL162C_W303,P46997
YJL163C_W303,P46996
YJL164C_W303,P06244
YJL165C_W303,P38970
YJL167W_W303,P08524
YJL168C_W303,P46995
YJL170C_W303,P46993
YJL171C_W303,P46992
YJL172W_W303,P27614
YJL173C_W303,P26755
YJL174W_W303,P39005
YJL176C_W303,P32591
YJL177W_W303,P46990
YJL178C_W303,P46989
YJL179W_W303,P46988
YJL180C_W303,P22135
YJL181W_W303,P46987
YJL183W_W303,P46985
YJL184W_W303,P46984
YJL185C_W303,P46983
YJL186W_W303,P46982
YJL187C_W303,P32944
YJL189W_W303,P04650
YJL190C_W303,P0C0W1
YJL192C_W303,P39543
YJL193W_W303,P39542
YJL194W_W303,P09119
YJL196C_W303,P39540
YJL197W_W303,P39538
YJL198W_W303,P39535
YJL199C_W303,P39534
YJL200C_W303,P39533
YJL201W_W303,P32525
YJL203W_W303,P32524
YJL204C_W303,P39531
YJL205C_W303,Q02820
YJL206C_W303,P39529
YJL207C_W303,P39526
YJL208C_W303,P08466
YJL209W_W303,P07252
YJL210W_W303,P32800
YJL212C_W303,P40897
YJL213W_W303,P40896
YJL214W_W303,P40886
YJL215C_W303,P40895
YJL216C_W303,P40884
YJL217W_W303,P40893
YJL218W_W303,P40892
YDR170C_W303,P11075
YDR169C_W303,Q12427
YDR168W_W303,P06101
YDR167W_W303,Q12030
YDR166C_W303,P89102
YDR165W_W303,Q03774
YDR164C_W303,P30619
YDR163W_W303,Q03772
YDR162C_W303,Q12163
YDR161W_W303,Q03771
YBL107C_W303,P38162
YBL106C_W303,P38163
YBL105C_W303,P24583
YBL104C_W303,P38164
YBL103C_W303,P38165
YBL102W_W303,P38166
YBL101C_W303,P38167
YGR253C_W303,P32379
YGR252W_W303,Q03330
YGR251W_W303,P53317
YGR250C_W303,P53316
YGR249W_W303,P53050
YGR248W_W303,P53315
YGR247W_W303,P53314
YGR246C_W303,P29056
YGR245C_W303,P53313
YGR244C_W303,P53312
YGR243W_W303,P53311
YGR241C_W303,P53309
YGR240C_W303,P16861
YGR239C_W303,P50091
YGR238C_W303,P50090
YGR237C_W303,P50089
YGR235C_W303,P50087
YGR234W_W303,P39676
YGR233C_W303,P17442
YGR232W_W303,P50086
YGR231C_W303,P50085
YGR230W_W303,P50084
YGR229C_W303,P32566
YGR227W_W303,P50076
YGR224W_W303,P50080
YGR223C_W303,P50079
YGR222W_W303,P10834
YGR221C_W303,P50078
YGR220C_W303,P31334
YGR218W_W303,P30822
YLR425W_W303,Q06412
YLR427W_W303,Q06436
YLR429W_W303,Q06440
YLR430W_W303,Q00416
YLR431C_W303,Q06671
YAR073W_W303,P39567
YLR433C_W303,P23287
YLR435W_W303,Q06672
YLR436C_W303,Q06673
YLR437C_W303,O13577
YLR438W_W303,P07991
YLR439W_W303,P36517
YLR440C_W303,Q12745
YOR070C_W303,Q08484
YOR069W_W303,Q92331
YOR067C_W303,P40351
YOR066W_W303,Q08471
YOR065W_W303,P07143
YOR064C_W303,Q08465
YOR063W_W303,P14126
YOR062C_W303,P36025
YOR061W_W303,P19454
YOR060C_W303,Q08457
YOR059C_W303,Q08448
YOR058C_W303,P50275
YOR057W_W303,Q08446
YOR056C_W303,Q08444
YOR054C_W303,Q08438
YOR052C_W303,Q08422
YOR051C_W303,Q08421
YOR050C_W303,Q08419
YOR049C_W303,Q08417
YOR048C_W303,Q02792
YOR047C_W303,Q02794
YOR046C_W303,P20449
YOR044W_W303,Q08416
YOR043W_W303,P12611
YOR042W_W303,Q08412
YOR040W_W303,Q12320
YOR039W_W303,P38930
YOR038C_W303,P32480
YOR037W_W303,P38909
YOR036W_W303,P32854
YOR035C_W303,P51534
YOR034C_W303,Q12013
YOR033C_W303,P39875
YOR032C_W303,Q12398
YOR030W_W303,Q99234
YOR029W_W303,Q12243
YOR028C_W303,P40917
YOR027W_W303,P15705
YOR026W_W303,P26449
YOR025W_W303,P53687
YOR024W_W303,Q12070
YOR023C_W303,Q12433
YOR022C_W303,Q12204
YOR021C_W303,Q12314
YOR020C_W303,P38910
YOR019W_W303,Q99248
YOR018W_W303,Q02805
YOR017W_W303,P32606
YOR016C_W303,Q12450
YOR015W_W303,Q12169
YOR014W_W303,P38903
YOR012W_W303,Q12351
YOR011W_W303,Q08409
YOR010C_W303,P33890
YOR009W_W303,Q12218
YOR008C_W303,P54867
YOR007C_W303,Q12118
YOR006C_W303,Q12094
YOR005C_W303,Q08387
YOR004W_W303,Q12339
YOR003W_W303,P25036
YOR002W_W303,Q12001
YOR001W_W303,Q12149
YOL001W_W303,P20052
YOL002C_W303,Q12442
YOL003C_W303,Q12006
YOL004W_W303,P22579
YOL005C_W303,P38902
YOL006C_W303,P04786
YOL007C_W303,Q08054
YOL008W_W303,Q08058
YOL009C_W303,Q92328
YOL010W_W303,Q08096
YOL011W_W303,Q08108
YOL012C_W303,Q12692
YOL013C_W303,Q08109
YOL014W_W303,Q08110
YOL015W_W303,Q08118
YOL016C_W303,P22517
YOL017W_W303,Q08119
YOL018C_W303,Q08144
YOL019W_W303,Q08157
YOL020W_W303,P38967
YOL021C_W303,Q08162
YOL022C_W303,P25040
YOL023W_W303,P25038
YOL024W_W303,Q08172
YOL025W_W303,Q92325
YOL026C_W303,Q08176
YOL027C_W303,Q08179
YOL028C_W303,Q08182
YOL029C_W303,Q08187
YOL030W_W303,Q08193
YOL031C_W303,Q08199
YOL032W_W303,Q08202
YOL033W_W303,P48525
YOL034W_W303,Q08204
YOL036W_W303,Q08206
YOL038W_W303,P40303
YOL039W_W303,P05319
YOL040C_W303,Q01855
YOL041C_W303,Q08208
YOL042W_W303,Q08213
YOL043C_W303,Q08214
YOL044W_W303,Q08215
YOL045W_W303,Q08217
YOL047C_W303,Q08218
YOL048C_W303,Q08219
YOL049W_W303,Q08220
YOL051W_W303,P19659
YOL052C_W303,P21182
YOL053W_W303,Q08223
YOL054W_W303,Q12161
YOL055C_W303,Q08224
YOL056W_W303,Q12326
YOL057W_W303,Q08225
YOL058W_W303,P22768
YOL059W_W303,P41911
YOL060C_W303,Q12296
YOL061W_W303,Q12265
YOL062C_W303,Q99186
YOL063C_W303,Q08226
YOL064C_W303,P32179
YOL065C_W303,Q08227
YOL066C_W303,Q12362
YOL067C_W303,P32607
YOL069W_W303,P33895
YOL070C_W303,Q08229
YOL071W_W303,Q08230
YOL072W_W303,Q08231
YOL073C_W303,Q08232
YOL075C_W303,Q08234
YOL076W_W303,Q12387
YOL077C_W303,Q08235
YOL078W_W303,Q08236
YOL080C_W303,Q08237
YOL081W_W303,P19158
YOL082W_W303,P35193
YOL083W_W303,Q12292
YOL084W_W303,Q12252
YOL085C_W303,Q99345
YOL086C_W303,P00330
YOL087C_W303,Q99247
YOL088C_W303,Q99316
YOL089C_W303,Q12180
YOL090W_W303,P25847
YOL091W_W303,Q12411
YOL092W_W303,Q12010
YOL093W_W303,Q12400
YOL094C_W303,P40339
YOL095C_W303,Q12039
YOL096C_W303,P27680
YOL097C_W303,Q12109
YOL098C_W303,Q12496
YOL100W_W303,Q12236
YOL101C_W303,Q99393
YOL102C_W303,Q12272
YOL103W_W303,P30606
YGL258W_W303,P53058
YGL257C_W303,P53059
YGL256W_W303,P10127
YGL255W_W303,P32804
YGL254W_W303,P32805
YGL253W_W303,P04807
YGL252C_W303,P32608
YGL251C_W303,P51979
YGL250W_W303,P53060
YGL249W_W303,P53061
YGL248W_W303,P22434
YGL247W_W303,P53062
YGL246C_W303,P53063
YGL245W_W303,P46655
YGL244W_W303,P53064
YGL243W_W303,P53065
YGL242C_W303,P53066
YGL241W_W303,P53067
YGL240W_W303,P53068
YGL238W_W303,P33307
YGL237C_W303,P06774
YGL236C_W303,P53070
YGL234W_W303,P07244
YGL233W_W303,P22224
YGL232W_W303,P53072
YGL231C_W303,P53073
YGL230C_W303,P53074
YGL229C_W303,P53036
YGL228W_W303,P53075
YGL227W_W303,P53076
YGL226W_W303,P53077
YGL225W_W303,P40107
YGL224C_W303,P53078
YDL186W_W303,P48568
YDL185W_W303,P17255
YDL183C_W303,P48569
YGR022C_W303,P53213
YGR021W_W303,P53212
YGR020C_W303,P39111
YGR019W_W303,P17649
YGR017W_W303,P53210
YGR016W_W303,P53209
YGR015C_W303,P53208
YGR014W_W303,P32334
YGR013W_W303,P53207
YGR012W_W303,P53206
YGR010W_W303,P53204
YGR009C_W303,P40357
YGR007W_W303,P33412
YGR006W_W303,P33411
YGR005C_W303,P41896
YGR004W_W303,P53203
YGR003W_W303,P53202
YGR002C_W303,P53201
YGR001C_W303,P53200
YGL001C_W303,P53199
YGL002W_W303,P53198
YGL003C_W303,P53197
YGL004C_W303,P53196
YGL005C_W303,P53195
YGL006W_W303,P38929
YGL007W_W303,P53194
YGL008C_W303,P05030
YGL009C_W303,P07264
YGL010W_W303,P25338
YGL011C_W303,P21243
YGL012W_W303,P25340
YGL013C_W303,P12383
YGL014W_W303,P25339
YGL015C_W303,P33199
YGL016W_W303,P32767
YGL017W_W303,P16639
YGL018C_W303,P53193
YGL019W_W303,P43639
YGL020C_W303,P53192
YGL021W_W303,P43633
YGL022W_W303,P39007
YGL023C_W303,P53191
YGL025C_W303,P40356
YGL026C_W303,P00931
YGL027C_W303,P53008
YGL028C_W303,P53189
YGL029W_W303,P53188
YGL031C_W303,P04449
YGL034C_W303,P53186
YGL035C_W303,P27705
YGL036W_W303,P53185
YGL037C_W303,P53184
YGL038C_W303,P31755
YGL039W_W303,P53183
YGL040C_W303,P05373
YGL041W-A_W303,P0C5N3
YGL043W_W303,P07273
YGL044C_W303,P25299
YGL045W_W303,P53179
YGL047W_W303,P53178
YGL048C_W303,Q01939
YGL049C_W303,P39936
YGL050W_W303,P53177
YEL011W_W303,P32775
YEL012W_W303,P28263
YEL013W_W303,P39968
YEL014C_W303,P39999
YEL015W_W303,P39998
YEL016C_W303,P39997
YEL017W_W303,P39996
YEL018W_W303,P39995
YEL019C_W303,P38632
YEL020C_W303,P39994
YEL021W_W303,P03962
YEL022W_W303,P39993
YEL023C_W303,P39992
YEL024W_W303,P08067
YEL025C_W303,P39991
YEL026W_W303,P39990
YEL027W_W303,P25515
YEL028W_W303,P39989
YEL029C_W303,P39988
YEL030W_W303,P39987
YEL031W_W303,P39986
YEL032W_W303,P24279
YPR119W_W303,P24869
YPR120C_W303,P30283
YPR121W_W303,Q06490
YPR122W_W303,P40851
YPR124W_W303,P49573
YPR125W_W303,Q06493
YPR127W_W303,Q06494
YPR128C_W303,Q06497
YPR129W_W303,P45978
YPR131C_W303,Q06504
YPR133C_W303,Q06505
YPR134W_W303,P08593
YPR135W_W303,Q01454
YPR137W_W303,Q06506
YOR132W_W303,P32913
YOR131C_W303,Q12486
YOR130C_W303,Q12375
YOR129C_W303,Q99222
YOR128C_W303,P21264
YOR127W_W303,P39083
YOR126C_W303,P41734
YOR125C_W303,P41735
YOR124C_W303,Q01476
YOR123C_W303,P38439
YOR122C_W303,P07274
YOR120W_W303,P14065
YOR119C_W303,Q12196
YOR118W_W303,Q12108
YOR117W_W303,P33297
YOR116C_W303,P04051
YOR115C_W303,Q99394
YOR114W_W303,Q12219
YOR113W_W303,P41696
YOR112W_W303,Q12453
YOR111W_W303,Q99210
YOR110W_W303,Q12415
YOR109W_W303,Q12271
YOR108W_W303,Q12166
YOR107W_W303,Q99188
YOR106W_W303,Q12241
YOR104W_W303,Q12057
YOR103C_W303,P46964
YOR101W_W303,P01119
YOR100C_W303,Q12289
YOR099W_W303,P27810
YOR098C_W303,P20676
YOR097C_W303,Q12274
YCL024W_W303,P25389
YCL025C_W303,P25376
YCL026C-A_W303,P37261
YCL026C-B_W303,Q96VH4
YCL027W_W303,P11710
YCL028W_W303,P25367
YCL029C_W303,P11709
YCL030C_W303,P00815
YCL031C_W303,P25368
YCL032W_W303,P25344
YCL034W_W303,P25369
YCL035C_W303,P25373
YCL036W_W303,P25370
YCL037C_W303,P25567
YCL038C_W303,P25568
YCL039W_W303,P25569
YCL040W_W303,P17709
YCL043C_W303,P17967
YCL044C_W303,P25573
YCL045C_W303,P25574
YCL047C_W303,P25576
YCL048W_W303,P25380
YCL049C_W303,P25577
YCL050C_W303,P16550
YCL051W_W303,P25579
YCL052C_W303,P25580
YCL054W_W303,P25582
YCL055W_W303,P25583
YCL056C_W303,P25584
YCL057W_W303,P25375
YCL058W-A_W303,Q2V2Q1
YCL059C_W303,P25586
YCL061C_W303,P25588
YCL063W_W303,P25591
YCL064C_W303,P25379
YGL223C_W303,P53079
YGL222C_W303,P53080
YGL221C_W303,P53081
YGL220W_W303,P53082
YGL219C_W303,P53083
YGL216W_W303,P53086
YGL215W_W303,P35190
YGL213C_W303,Q02793
YGL212W_W303,P32912
YGL211W_W303,P53088
YGL210W_W303,P51996
YGL209W_W303,P53035
YGL208W_W303,P34164
YGL207W_W303,P32558
YGL206C_W303,P22137
YGL205W_W303,P13711
YNL054W_W303,P53950
YNL053W_W303,P38590
YNL052W_W303,P00424
YNL051W_W303,P53951
YNL050C_W303,P53952
YNL049C_W303,P53953
YNL048W_W303,P53954
YNL047C_W303,P53955
YNL046W_W303,P53956
YNL045W_W303,Q10740
YNL044W_W303,P53633
YNL042W_W303,P53958
YNL041C_W303,P53959
YNL040W_W303,P53960
YNL039W_W303,P46678
YNL038W_W303,P53961
YNL037C_W303,P28834
YNL036W_W303,P53615
YDR099W_W303,P34730
YDR100W_W303,Q03860
YDR101C_W303,Q03862
YDR102C_W303,Q03864
YDR103W_W303,P32917
YDR104C_W303,Q03868
YDR105C_W303,Q12116
YDR106W_W303,Q04549
YBR220C_W303,P38318
YBR221C_W303,P32473
YBR222C_W303,P38137
YBR223C_W303,P38319
YBR225W_W303,P38321
YBR227C_W303,P38323
YBR228W_W303,P38324
YBR229C_W303,P38138
YBR230C_W303,P38325
YBR231C_W303,P38326
YBR233W_W303,P38151
YBR234C_W303,P38328
YBR235W_W303,P38329
YBR236C_W303,P32783
YBR237W_W303,P21372
YBR238C_W303,P38330
YBR239C_W303,P38140
YHR180W_W303,P38868
YHR179W_W303,Q03558
YHR178W_W303,P38699
YHR177W_W303,P38867
YHR176W_W303,P38866
YHR175W_W303,P38865
YHR174W_W303,P00925
YGR125W_W303,P53273
YGR126W_W303,P53274
YGR127W_W303,P53275
YGR128C_W303,P53276
YGR129W_W303,P53277
YGR130C_W303,P53278
YGR131W_W303,P53279
YGR132C_W303,P40961
YGR133W_W303,P29340
YGR134W_W303,P53280
YGR135W_W303,P23638
YGR136W_W303,P53281
YML043C_W303,Q04712
YML042W_W303,P32796
YML041C_W303,Q03433
YGR123C_W303,P53043
YOR344C_W303,P33122
YPL082C_W303,P32333
YPL083C_W303,Q02825
YPL084W_W303,P48582
YPL085W_W303,P48415
YPL086C_W303,Q02908
YPL087W_W303,Q02896
YPL088W_W303,Q02895
YPL089C_W303,Q12224
YPL090C_W303,P0CX37
YPL091W_W303,P41921
YPL092W_W303,P41930
YPL093W_W303,Q02892
YPL094C_W303,P21825
YPL095C_W303,Q02891
YPL096W_W303,Q02890
YPL097W_W303,P48527
YPL098C_W303,Q02889
YPL099C_W303,Q02888
YPL100W_W303,Q02887
YPL101W_W303,Q02884
YPL103C_W303,Q02883
YPL104W_W303,P15179
YPL105C_W303,Q02875
YPL106C_W303,P32589
YPL107W_W303,Q02873
YPL108W_W303,Q02872
YPL109C_W303,Q02981
YPL110C_W303,Q02979
YPL111W_W303,P00812
YPL112C_W303,Q02969
YPL113C_W303,Q02961
YPL115C_W303,P32873
YPL116W_W303,Q02959
YPL117C_W303,P15496
YPL118W_W303,Q02950
YPL119C_W303,P24784
YPL120W_W303,Q02948
YPL121C_W303,P32489
YPL122C_W303,Q02939
YPL123C_W303,Q02933
YPL124W_W303,P33419
YPL125W_W303,Q02932
YPL126W_W303,Q02931
YPL127C_W303,P53551
YPL128C_W303,Q02457
YPL129W_W303,P35189
YPL130W_W303,Q03029
YPL131W_W303,P26321
YPL132W_W303,P19516
YPL133C_W303,P19541
YPL134C_W303,Q03028
YPL135W_W303,Q03020
YPL137C_W303,Q03016
YPL138C_W303,Q03012
YPL139C_W303,Q03010
YPL140C_W303,P32491
YPL141C_W303,Q03002
YPL143W_W303,P05744
YPL144W_W303,Q12245
YPL145C_W303,P35844
YPL146C_W303,Q12080
YPL147W_W303,P41909
YPL148C_W303,Q12036
YPL149W_W303,Q12380
YPL150W_W303,Q12152
YPL151C_W303,Q12417
YPL152W_W303,Q12461
YPL153C_W303,P22216
YPL154C_W303,P07267
YPL155C_W303,P28743
YPL156C_W303,Q12498
YPL157W_W303,Q12052
YPL158C_W303,Q99299
YPL159C_W303,Q99373
YPL160W_W303,P26637
YPL161C_W303,P39011
YPL162C_W303,Q12042
YPL163C_W303,Q12254
YPL164C_W303,Q12083
YPL166W_W303,Q12092
YPL167C_W303,P14284
YPL168W_W303,Q12467
YPL169C_W303,Q99257
YPL170W_W303,Q12091
YPL171C_W303,P41816
YPL172C_W303,P21592
YPL173W_W303,P36534
YPL174C_W303,P33420
YPL176C_W303,Q08919
YPL177C_W303,P41817
YPL178W_W303,Q08920
YKR059W_W303,P10081
YKR060W_W303,P36144
YKR061W_W303,P33550
YKR062W_W303,P36145
YKR063C_W303,P36146
YKR064W_W303,P36023
YKR065C_W303,P36147
YKR066C_W303,P00431
YKR067W_W303,P36148
YKR068C_W303,P36149
YKR069W_W303,P36150
YKR070W_W303,P36151
YKR071C_W303,P36152
YKR072C_W303,P36024
YKL068W_W303,Q02629
YKL069W_W303,P36088
YKL070W_W303,P36087
YKL071W_W303,P36086
YLR236C_W303,A0A023PZG4
YLR234W_W303,P13099
YLR233C_W303,P17214
YLR231C_W303,Q05979
YLR229C_W303,P19073
YLR228C_W303,Q05958
YLR226W_W303,Q05949
YLR225C_W303,Q05948
YLR224W_W303,Q05947
YLR223C_W303,P39520
YLR222C_W303,Q05946
YLR221C_W303,Q05942
YLR220W_W303,P47818
YLR219W_W303,Q05812
YLR218C_W303,Q05809
YLR216C_W303,P53691
YLR215C_W303,Q05791
YLR214W_W303,P32791
YLR213C_W303,Q05790
YLR212C_W303,P53378
YLR211C_W303,Q05789
YLR210W_W303,P24871
YLR209C_W303,Q05788
YLR208W_W303,Q04491
YLR207W_W303,Q05787
YLR206W_W303,Q05785
YLR205C_W303,P32339
YLR204W_W303,P32344
YLR203C_W303,P32335
YLR201C_W303,Q05779
YLR200W_W303,P52553
YLR199C_W303,Q05778
YLR197W_W303,Q12460
YLR196W_W303,P21304
YLR195C_W303,P14743
YLR194C_W303,Q05777
YLR193C_W303,Q05776
YLR192C_W303,Q05775
YLR191W_W303,P80667
YLR190W_W303,Q06324
YLR189C_W303,Q06321
YLR188W_W303,P33310
YLR187W_W303,Q06315
YLR186W_W303,Q06287
YLR185W_W303,P49166
YLR184W_W303,Q06267
YLR183C_W303,Q06266
YLR182W_W303,P09959
YLR181C_W303,Q06263
YLR180W_W303,P10659
YLR179C_W303,Q06252
YLR178C_W303,P14306
YLR177W_W303,Q06251
YLR176C_W303,P48743
YLR175W_W303,P33322
YLR174W_W303,P41939
YLR173W_W303,Q06247
YLR172C_W303,P32469
YLR170C_W303,P35181
YLR168C_W303,P35200
YLR167W_W303,P05759
YLR166C_W303,Q06245
YLR165C_W303,Q06244
YLR164W_W303,Q06236
YLR163C_W303,P10507
YDL229W_W303,P11484
YBR241C_W303,P38142
YBR242W_W303,P38331
YBR243C_W303,P07286
YBR244W_W303,P38143
YBR245C_W303,P38144
YBR246W_W303,P38332
YBR247C_W303,P38333
YBR248C_W303,P33734
YBR249C_W303,P32449
YBR250W_W303,P33757
YBR251W_W303,P33759
YBR252W_W303,P33317
YBR253W_W303,P32570
YBR254C_W303,P38334
YBR255W_W303,P38335
YBR255C-A_W303,Q3E776
YBR256C_W303,P38145
YBR257W_W303,P38336
YBR258C_W303,P38337
YBR259W_W303,P38338
YBR260C_W303,P38339
YBR261C_W303,P38340
YBR262C_W303,P38341
YBR263W_W303,P37292
YBR264C_W303,P38146
YBR265W_W303,P38342
YBR267W_W303,P38344
YBR268W_W303,P36532
YBR269C_W303,P38345
YBR270C_W303,P38346
YBR271W_W303,P38347
YBR272C_W303,P38348
YBR273C_W303,P38349
YBR274W_W303,P38147
YBR275C_W303,P29539
YBR276C_W303,P38148
YBR278W_W303,P27344
YBR279W_W303,P38351
YBR280C_W303,P38352
YBR281C_W303,P38149
YBR282W_W303,P36526
YBR283C_W303,P38353
YBR284W_W303,P38150
YBR285W_W303,P38354
YBR286W_W303,P37302
YBR287W_W303,P38355
YBR288C_W303,P38153
YBR289W_W303,P18480
YBR290W_W303,P38356
YBR291C_W303,P38152
YBR292C_W303,P38357
YBR293W_W303,P38358
YBR294W_W303,P38359
YBR295W_W303,P38360
YBR296C_W303,P38361
YBR297W_W303,P38157
YBR298C_W303,P38156
YML024W_W303,P02407
YML023C_W303,Q03718
YML022W_W303,P49435
YML021C_W303,P12887
YML020W_W303,Q03722
YML019W_W303,Q03723
YML018C_W303,Q03730
YML017W_W303,P50109
YML016C_W303,P26570
YML015C_W303,Q04226
YML014W_W303,P49957
YML013W_W303,Q04228
YML012W_W303,P54837
YML011C_W303,Q04231
YML010W_W303,P27692
YML008C_W303,P25087
YML007W_W303,P19880
YML006C_W303,Q04233
YML005W_W303,Q04235
YML004C_W303,P50107
YML003W_W303,P0CF16
YML002W_W303,P0CF17
YML001W_W303,P32939
YMR001C_W303,P32562
YMR002W_W303,Q03667
YMR003W_W303,Q03673
YMR004W_W303,P40959
YMR005W_W303,P50105
YMR006C_W303,Q03674
YMR007W_W303,Q03675
YMR008C_W303,P39105
YMR009W_W303,Q03677
YMR010W_W303,Q03687
YMR011W_W303,P23585
YMR012W_W303,Q03690
YMR013C_W303,P20048
YMR014W_W303,Q04347
YMR015C_W303,P54781
YMR016C_W303,P53438
YMR017W_W303,Q04359
YMR018W_W303,Q04364
YMR019W_W303,P50104
YMR020W_W303,P50264
YMR021C_W303,P35192
YMR022W_W303,Q02159
YMR023C_W303,P32559
YMR024W_W303,P36516
YMR025W_W303,Q04368
YMR026C_W303,Q04370
YMR027W_W303,Q04371
YMR028W_W303,Q04372
YMR029C_W303,Q05040
YMR030W_W303,Q05043
YMR031C_W303,Q05050
YMR032W_W303,Q05080
YMR033W_W303,Q05123
YMR034C_W303,Q05131
YMR035W_W303,P46972
YMR036C_W303,P23748
YMR037C_W303,P33748
YMR038C_W303,P40202
YMR039C_W303,P54000
YMR040W_W303,Q04210
YMR041C_W303,Q04212
YMR042W_W303,P07249
YMR043W_W303,P11746
YMR044W_W303,Q04213
YOR142W_W303,P53598
YOR141C_W303,Q12386
YOR140W_W303,P20134
YOR138C_W303,Q12242
YOR137C_W303,Q12212
YOR136W_W303,P28241
YOR134W_W303,Q12128
YOR133W_W303,P32324
YML046W_W303,P39682
YML047C_W303,Q04705
YML048W_W303,Q04697
YML049C_W303,Q04693
YML050W_W303,Q04689
YML051W_W303,P04387
YML052W_W303,P54003
YML053C_W303,Q04978
YML054C_W303,P00175
YML055W_W303,Q04969
YML056C_W303,P50094
YML057W_W303,P14747
YML058W_W303,Q04964
YML059C_W303,Q04958
YML060W_W303,P53397
YML061C_W303,P07271
YML062C_W303,P33441
YAL003W_W303,P32471
YAL002W_W303,P39702
YAR002W_W303,P39705
YAR002C-A_W303,Q05359
YAR003W_W303,P39706
YAR007C_W303,P22336
YAR008W_W303,P39707
YMR247C_W303,Q04781
YMR246W_W303,P47912
YMR245W_W303,Q04019
YMR244W_W303,Q04018
YMR243C_W303,P20107
YMR241W_W303,Q04013
YMR240C_W303,Q02554
YMR239C_W303,Q02555
YCR104W_W303,P25610
YCR105W_W303,P25377
YGR039W_W303,P53225
YGR040W_W303,P14681
YGR041W_W303,P53226
YGR042W_W303,P53227
YGR043C_W303,P53228
YGR044C_W303,P32338
YGR045C_W303,P53229
YGR046W_W303,P53230
YGR047C_W303,P33339
YGR048W_W303,P53044
YGR049W_W303,P32564
YGR050C_W303,P53231
YGR051C_W303,P53232
YGR052W_W303,P53233
YGR053C_W303,P53234
YGR054W_W303,P53235
YGR055W_W303,P50276
YGR056W_W303,P53236
YGR057C_W303,P53237
YGR058W_W303,P53238
YGR059W_W303,P41901
YGR060W_W303,P53045
YGR061C_W303,P38972
YGR062C_W303,P53239
YGR063C_W303,P32914
YGR065C_W303,P53241
YGR066C_W303,P53242
YGR067C_W303,P53243
YGR068C_W303,P53244
YGR069W_W303,P53245
YGR070W_W303,P53046
YGR071C_W303,P53246
YGR072W_W303,P48412
YGR075C_W303,Q00723
YGR076C_W303,P23369
YGR077C_W303,P53248
YGR078C_W303,P48363
YGR079W_W303,P53249
YGR080W_W303,P53250
YGR081C_W303,P53251
YGR082W_W303,P35180
YGR083C_W303,P12754
YGR084C_W303,P12686
YGR086C_W303,P53252
YGR087C_W303,P26263
YGR088W_W303,P06115
YGR089W_W303,P53253
YGR090W_W303,P53254
YGR091W_W303,P49704
YGR092W_W303,P22204
YGR093W_W303,P53255
YGR094W_W303,P07806
YGR095C_W303,P53256
YGR096W_W303,P53257
YGR097W_W303,P48361
YGR098C_W303,Q03018
YGR099W_W303,P53038
YGR100W_W303,P53258
YGR101W_W303,P53259
YGR102C_W303,P53260
YGR103W_W303,P53261
YGR104C_W303,P32585
YGR106C_W303,P53262
YER132C_W303,P32634
YER131W_W303,P39939
YER130C_W303,P39959
YER129W_W303,P38990
YER128W_W303,P40080
YER127W_W303,P40079
YER126C_W303,P40078
YER125W_W303,P39940
YER124C_W303,P40077
YER123W_W303,P39962
YER122C_W303,P38682
YER121W_W303,P40076
YER120W_W303,P40075
YER119C_W303,P40074
YER118C_W303,P40073
YER116C_W303,P40072
YER115C_W303,Q01684
YER114C_W303,P39969
YER113C_W303,P40071
YER112W_W303,P40070
YER111C_W303,P25302
YER110C_W303,P40069
YER109C_W303,P40068
YER107C_W303,P40066
YER106W_W303,P40065
YER105C_W303,P40064
YER104W_W303,P40063
YER103W_W303,P22202
YER101C_W303,P39945
YER100W_W303,P33296
YER099C_W303,P38620
YER098W_W303,P39967
YGL054C_W303,P53173
YGL055W_W303,P21147
YGL056C_W303,P53172
YGL057C_W303,P53171
YGL058W_W303,P06104
YGL059W_W303,P53170
YGL060W_W303,P53169
YGL061C_W303,P53168
YDR098C_W303,Q03835
YDR097C_W303,Q03834
YDR096W_W303,Q03833
YDR093W_W303,Q12675
YDR092W_W303,P52490
YDR091C_W303,Q03195
YDR090C_W303,Q03193
YDR089W_W303,P38966
YDR088C_W303,Q02775
YDR087C_W303,P35178
YDR085C_W303,P33304
YDR084C_W303,P38962
YDR083W_W303,P38961
YDR082W_W303,P38960
YDR081C_W303,P32896
YDR080W_W303,P38959
YDR079W_W303,P38958
YDR078C_W303,P38957
YDR077W_W303,Q01589
YDR076W_W303,P38953
YDR075W_W303,P32345
YDR074W_W303,P31688
YDR073W_W303,P38956
YDR072C_W303,P38954
YDR071C_W303,Q12447
YDR069C_W303,P32571
YDR068W_W303,P54858
YDR067C_W303,Q12454
YDR066C_W303,Q12378
YDR065W_W303,Q12167
YDR064W_W303,P05756
YDR063W_W303,Q12156
YDR062W_W303,P40970
YDR061W_W303,Q12298
YDR060W_W303,Q12176
YDR059C_W303,P15732
YDR058C_W303,P54857
YDR057W_W303,Q99220
YDR056C_W303,Q12025
YDR055W_W303,Q12355
YDR054C_W303,P14682
YDR052C_W303,P32325
YDR051C_W303,Q99288
YDR050C_W303,P00942
YDR049W_W303,Q04311
YDR047W_W303,P32347
YDR046C_W303,P41815
YDR045C_W303,Q04307
YDR044W_W303,P11353
YDR043C_W303,Q03125
YDR042C_W303,Q03205
YDR041W_W303,Q03201
YPL257W_W303,Q08974
YPL256C_W303,P20438
YPL255W_W303,Q12365
YPL254W_W303,Q12060
YPL253C_W303,Q12045
YPL252C_W303,Q12184
YPL250C_W303,Q12048
YPL249C_W303,Q12344
YPL248C_W303,P04386
YPL247C_W303,Q12523
YPL246C_W303,Q12270
YPL245W_W303,Q12179
YPL244C_W303,Q12520
YPL243W_W303,P38687
YPL242C_W303,Q12280
YPL240C_W303,P02829
YOL158C_W303,Q08299
YOL159C_W303,Q08300
YOL160W_W303,Q08321
YNL096C_W303,P48164
YNL095C_W303,P53932
YNL094W_W303,P53933
YNL093W_W303,P36019
YNL092W_W303,P53934
YNL091W_W303,P53935
YNL090W_W303,P06781
YNL088W_W303,P06786
YNL087W_W303,P48231
YNL086W_W303,P48232
YNL085W_W303,P40850
YNL084C_W303,P39013
YNL083W_W303,D6W196
YNL082W_W303,P14242
YNL081C_W303,P53937
YNL080C_W303,P53938
YNL079C_W303,P17536
YNL078W_W303,P53939
YNL077W_W303,P53940
YNL076W_W303,P34072
YNL075W_W303,P53941
YNL074C_W303,P32047
YNL073W_W303,P32048
YNL072W_W303,P53942
YNL071W_W303,P12695
YNL068C_W303,P41813
YNL067W_W303,P51401
YNL066W_W303,P53616
YNL065W_W303,P53943
YNL064C_W303,P25491
YNL063W_W303,P53944
YNL062C_W303,P41814
YNL061W_W303,P40991
YNL059C_W303,P53946
YNL058C_W303,P53947
YNL056W_W303,P53949
YNL055C_W303,P04840
YGR107W_W303,P53263
YGR108W_W303,P24868
YGR109C_W303,P32943
YGR110W_W303,P53264
YGR111W_W303,P53265
YGR112W_W303,P53266
YGR113W_W303,P53267
YGR116W_W303,P23615
YGR117C_W303,P53270
YGR119C_W303,P48837
YGR120C_W303,P53271
YNR054C_W303,P53743
YNR053C_W303,P53742
YNR052C_W303,P39008
YNR051C_W303,P53741
YNR050C_W303,P38999
YNR049C_W303,P53604
YNR048W_W303,P53740
YNR047W_W303,P53739
YNR046W_W303,P53738
YNR045W_W303,P07390
YNR044W_W303,P32323
YNR043W_W303,P32377
YNR041C_W303,P32378
YNR040W_W303,P53736
YNR039C_W303,P53735
YNR038W_W303,P53734
YNR036C_W303,P53732
YNR035C_W303,P53731
YNR034W_W303,P50278
YNR033W_W303,P37254
YNR032W_W303,P32838
YNR031C_W303,P53599
YNR030W_W303,P53730
YNR029C_W303,P53729
YNR028W_W303,P53728
YNR027W_W303,P53727
YNR026C_W303,P11655
YNR024W_W303,P53725
YNR023W_W303,P53628
YNR022C_W303,P53724
YNR021W_W303,P53723
YNR020C_W303,P53722
YNR019W_W303,P53629
YNR018W_W303,P53721
YNR017W_W303,P32897
YNR016C_W303,Q00955
YNR015W_W303,P53720
YNR014W_W303,P53719
YNR013C_W303,P27514
YNR012W_W303,P27515
YNR011C_W303,P20095
YNR010W_W303,P33308
YNR009W_W303,P53718
YNR008W_W303,P40345
YNR007C_W303,P40344
YNR006W_W303,P40343
YNR004W_W303,P40342
YNR003C_W303,P32910
YNR002C_W303,P32907
YMR047C_W303,Q02630
YMR048W_W303,Q04659
YMR049C_W303,Q04660
YIL089W_W303,P40500
YIL090W_W303,P40499
YIL091C_W303,P40498
YIL092W_W303,P40497
YIL093C_W303,P40496
YIL094C_W303,P40495
YIL095W_W303,P40494
YIL096C_W303,P40493
YIL097W_W303,P40492
YIL098C_W303,P40491
YIL099W_W303,P08019
YIL100W_W303,P40490
YIL101C_W303,P40489
YIL102C_W303,P40488
YIL103W_W303,P40487
YIL104C_W303,P40486
YIL105C_W303,P40485
YIL107C_W303,P40433
YIL108W_W303,P40483
YIL109C_W303,P40482
YIL110W_W303,P40481
YIL112W_W303,P40480
YIL113W_W303,P40479
YIL114C_W303,P40478
YIL115C_W303,P40477
YIL116W_W303,P07172
YIL117C_W303,P40476
YIL118W_W303,Q00245
YIL119C_W303,P23250
YIL120W_W303,P40475
YIL121W_W303,P40474
YIL122W_W303,P40473
YIL123W_W303,P40472
YIL124W_W303,P40471
YIL125W_W303,P20967
YIL126W_W303,P32597
YIL127C_W303,P40470
YIL128W_W303,P40469
YIL129C_W303,P40468
YIL130W_W303,P40467
YIL131C_W303,P40466
YIL132C_W303,P40465
YIL133C_W303,P26784
YIL134W_W303,P40464
YIL135C_W303,P40463
YIL136W_W303,P16547
YIL137C_W303,P40462
YIL138C_W303,P40414
YIL139C_W303,P38927
YIL140W_W303,P38928
YIL142W_W303,P39076
YIL143C_W303,Q00578
YIL144W_W303,P40460
YIL145C_W303,P40459
YIL146C_W303,P40458
YIL147C_W303,P39928
YIL149C_W303,P40457
YIL150C_W303,P32354
YIL151C_W303,P40456
YIL152W_W303,P40455
YIL153W_W303,P40454
YIL154C_W303,P32351
YIL155C_W303,P32191
YIL156W_W303,P40453
YIL157C_W303,P40452
YIL158W_W303,P40451
YIL159W_W303,P40450
YIL160C_W303,P27796
YIL161W_W303,P40449
YIL162W_W303,P00724
YIL163C_W303,P40448
YIL164C_W303,P40447
YIL165C_W303,P40446
YIL166C_W303,P40445
YIL167W_W303,P0CF22
YMR187C_W303,Q03236
YMR188C_W303,Q03246
YMR189W_W303,P49095
YMR190C_W303,P35187
YMR191W_W303,P42933
YMR192W_W303,Q04322
YMR193W_W303,P36525
YMR195W_W303,Q04329
YMR196W_W303,Q04336
YMR197C_W303,Q04338
YMR198W_W303,Q01649
YMR199W_W303,P20437
YMR200W_W303,Q03691
YMR201C_W303,P28519
YMR202W_W303,P32352
YMR203W_W303,P23644
YMR204C_W303,Q03694
YMR205C_W303,P16862
YMR206W_W303,Q03695
YMR207C_W303,P32874
YMR208W_W303,P07277
YMR209C_W303,Q03648
YMR210W_W303,Q03649
YMR211W_W303,Q03652
YMR212C_W303,Q03653
YMR213W_W303,Q03654
YMR214W_W303,P25303
YMR215W_W303,Q03655
YMR216C_W303,Q03656
YMR217W_W303,P38625
YMR218C_W303,Q03660
YMR219W_W303,Q03661
YMR220W_W303,P24521
YMR221C_W303,Q04991
YMR222C_W303,Q05015
YMR223W_W303,P50102
YMR224C_W303,P32829
YMR226C_W303,Q05016
YMR227C_W303,Q05021
YMR228W_W303,P14908
YMR229C_W303,Q05022
YMR230W_W303,P46784
YMR231W_W303,P12868
YMR232W_W303,Q05670
YMR233W_W303,Q05024
YMR234W_W303,Q04740
YMR235C_W303,P11745
YMR236W_W303,Q05027
YMR237W_W303,Q05029
YMR238W_W303,Q05031
YNL035C_W303,P53962
YGL203C_W303,P09620
YGL204C_W303,P53089
YBR210W_W303,P38312
YBR211C_W303,P38313
YBR212W_W303,P32831
YBR213W_W303,P15807
YBR214W_W303,P38314
YBR215W_W303,Q01448
YBR217W_W303,P38316
YCL021W-A_W303,Q96VH3
YGR139W_W303,P53284
YGR140W_W303,P32504
YGR141W_W303,P53285
YGR142W_W303,P53286
YGR143W_W303,P33336
YGR144W_W303,P32318
YGR145W_W303,P48234
YGR146C_W303,P48235
YGR147C_W303,P37293
YGR148C_W303,P24000
YGR149W_W303,P48236
YGR150C_W303,P48237
YGR152C_W303,P13856
YGR153W_W303,P48238
YGR154C_W303,P48239
YGR155W_W303,P32582
YGR156W_W303,P39927
YGR157W_W303,P05374
YGR158C_W303,P48240
YGR159C_W303,P27476
YGR161C_W303,P53289
YGR162W_W303,P39935
YGR163W_W303,P53290
YGR164W_W303,P53291
YGR165W_W303,P53292
YGR166W_W303,P32893
YGR167W_W303,P17891
YGR168C_W303,P53293
YGR169C_W303,P53294
YGR170W_W303,P53037
YGR171C_W303,P22438
YGR172C_W303,P53039
YGR173W_W303,P53295
YGR174C_W303,P37267
YGR175C_W303,P32476
YGR177C_W303,P53296
YGR178C_W303,P53297
YGR179C_W303,P53298
YGR180C_W303,P49723
YGR181W_W303,P53299
YGR184C_W303,P19812
YGR185C_W303,P36421
YGR186W_W303,P41895
YGR187C_W303,P48362
YGR188C_W303,P41695
YGR189C_W303,P53301
YJR010W_W303,P08536
YJR011C_W303,P47086
YJR013W_W303,P47088
YJR014W_W303,P47089
YJR015W_W303,P47090
YJR016C_W303,P39522
YJR017C_W303,P22696
YJR019C_W303,P41903
YJR022W_W303,P47093
YJR024C_W303,P47095
YJR025C_W303,P47096
YKL067W_W303,P36010
YKL065C_W303,P35723
YKL064W_W303,P35724
YKL063C_W303,P35725
YKL062W_W303,P33749
YKL061W_W303,P35727
YKL060C_W303,P14540
YKL059C_W303,P35728
YKL058W_W303,P32774
YKL057C_W303,P35729
YKL056C_W303,P35691
YKL055C_W303,P35731
YKL054C_W303,P35732
YKL052C_W303,P35734
YKL051W_W303,P35735
YKL050C_W303,P35736
YKL049C_W303,P36012
YKL048C_W303,P32801
YKL047W_W303,P36090
YKL046C_W303,P36091
YKL045W_W303,P20457
YKL044W_W303,P36092
YKL043W_W303,P36093
YKL042W_W303,P36094
YKL041W_W303,P36095
YKL040C_W303,P32860
YKL039W_W303,P32857
YKL038W_W303,P32862
YKL037W_W303,P32858
YKL035W_W303,P32861
YKL034W_W303,P36096
YKL033W-A_W303,Q86ZR7
YKL033W_W303,P36097
YKL032C_W303,P33417
YKL031W_W303,P36098
YKL029C_W303,P36013
YKL028W_W303,P36100
YKL027W_W303,P36101
YKL026C_W303,P36014
YKL025C_W303,P36102
YKL024C_W303,P15700
YKL023W_W303,P36103
YKL022C_W303,P09798
YKL021C_W303,P20484
YKL020C_W303,P35210
YKL019W_W303,P29703
YKL018W_W303,P36104
YKL017C_W303,P34243
YKL016C_W303,P30902
YKL015W_W303,P25502
YKL014C_W303,P34241
YKL013C_W303,P33204
YKL012W_W303,P33203
YKL011C_W303,Q03702
YKL010C_W303,P33202
YKL009W_W303,P33201
YKL008C_W303,P28496
YKL007W_W303,P28495
YKL006C-A_W303,P43682
YKL005C_W303,P36106
YKL004W_W303,P36107
YKL003C_W303,P28778
YKL002W_W303,P36108
YKL001C_W303,Q02196
YKR001C_W303,P21576
YKR002W_W303,P29468
YKR003W_W303,Q02201
YKR005C_W303,Q02203
YKR006C_W303,Q02204
YKR007W_W303,Q02205
YKR008W_W303,Q02206
YKR009C_W303,Q02207
YKR010C_W303,Q02208
YKR011C_W303,Q02209
YKR013W_W303,P36110
YKR014C_W303,P36018
YKR015C_W303,P36111
YKR016W_W303,P36112
YKR017C_W303,P36113
YKR018C_W303,P36114
YKR019C_W303,P36115
YKR020W_W303,P36116
YKR021W_W303,P36117
YKR022C_W303,P36118
YKR023W_W303,P36119
YKR024C_W303,P36120
YKR025W_W303,P36121
YKR026C_W303,P14741
YKR027W_W303,P36122
YKR028W_W303,P36123
YKR029C_W303,P36124
YKR030W_W303,P36125
YKR031C_W303,P36126
YKR032W_W303,P36127
YKR034W_W303,P26343
YKR035W-A_W303,P69771
YKR036C_W303,P36130
YKR037C_W303,P36131
YKR038C_W303,P36132
YKR039W_W303,P19145
YKR041W_W303,P36134
YKR042W_W303,P36135
YKR043C_W303,P36136
YKR044W_W303,P36137
YKR045C_W303,P36138
YKR046C_W303,P36139
YKR048C_W303,P25293
YKR049C_W303,P36141
YKR050W_W303,P28584
YKR051W_W303,P36142
YKR052C_W303,P23500
YKR053C_W303,P23501
YKR054C_W303,P36022
YKR055W_W303,Q00246
YKR056W_W303,P33753
YKR057W_W303,P0C0V8
YKR058W_W303,P36143
YAR042W_W303,P35845
YAR035W_W303,P80235
YPL060W_W303,Q02783
YPL061W_W303,P54115
YPL062W_W303,Q02781
YPL063W_W303,Q02776
YPL064C_W303,Q02770
YPL065W_W303,Q02767
YPL066W_W303,Q12194
YPL067C_W303,Q02754
YPL068C_W303,Q02749
YPL069C_W303,Q12051
YPL070W_W303,Q02866
YPL071C_W303,Q02864
YPL072W_W303,Q02863
YPL074W_W303,P40328
YPL075W_W303,P07261
YPL076W_W303,P46961
YPL077C_W303,Q02831
YPL078C_W303,P05626
YPL080C_W303,Q02826
YPR158W_W303,Q06469
YPR157W_W303,Q06466
YDL230W_W303,P25044
YDL231C_W303,Q07660
YDL233W_W303,Q07684
YDL234C_W303,P48365
YDL235C_W303,Q07688
YDL236W_W303,P19881
YDL237W_W303,Q07716
YDL238C_W303,Q07729
YDL239C_W303,Q07732
YDL240W_W303,P35688
YDL241W_W303,Q07738
YDL242W_W303,Q07746
YDR261C_W303,P52911
YDR260C_W303,Q12379
YDR259C_W303,Q03935
YDR258C_W303,P33416
YDR257C_W303,Q12504
YDR256C_W303,P15202
YDR255C_W303,Q12508
YDR254W_W303,P38907
YDR253C_W303,Q12041
YDR252W_W303,P40314
YDR251W_W303,P37304
YDR249C_W303,Q03787
YDR248C_W303,Q03786
YDR247W_W303,Q03785
YDR246W_W303,Q03784
YDR245W_W303,P50108
YDR244W_W303,P35056
YDR243C_W303,P23394
YDR242W_W303,P22580
YDR240C_W303,Q03782
YDR239C_W303,Q03780
YDR238C_W303,P41810
YDR237W_W303,P36519
YDR236C_W303,Q03778
YDR235W_W303,Q03776
YDR234W_W303,P49367
YDR233C_W303,Q04947
YDR232W_W303,P09950
YDR231C_W303,Q04935
YDR229W_W303,Q04934
YDR228C_W303,P39081
YDR227W_W303,P11978
YDR226W_W303,P07170
YDR224C_W303,P02293
YDR223W_W303,Q04930
YDR222W_W303,Q04925
YDR221W_W303,Q04924
YDR219C_W303,Q04922
YDR218C_W303,Q04921
YDR217C_W303,P14737
YDR216W_W303,P07248
YDR215C_W303,Q12240
YDR214W_W303,Q12449
YDR213W_W303,Q12151
YDR212W_W303,P12612
YDR211W_W303,P32501
YKL127W_W303,P33401
YKL126W_W303,P12688
YKL125W_W303,P36070
YKL124W_W303,P32343
YKL122C_W303,P32342
YKL121W_W303,P32330
YKL120W_W303,P32332
YKL119C_W303,P32341
YKL117W_W303,P28707
YKL116C_W303,P28708
YKL114C_W303,P22936
YKL113C_W303,P26793
YKL112W_W303,P14164
YKL110C_W303,P34253
YKL109W_W303,P14064
YKL108W_W303,P34252
YKL107W_W303,P34251
YKL106W_W303,Q01802
YKL105C_W303,P34250
YKL104C_W303,P14742
YKL103C_W303,P14904
YKL102C_W303,P34249
YKL101W_W303,P34244
YKL100C_W303,P34248
YKL099C_W303,P34247
YKL098W_W303,P34246
YKL097C_W303,P34245
YKL096W_W303,P28319
YKL095W_W303,P28320
YKL094W_W303,P28321
YKL093W_W303,P23493
YKL092C_W303,P33314
YKL091C_W303,P33324
YKL090W_W303,P36075
YKL089W_W303,P35201
YKL088W_W303,P36076
YKL087C_W303,Q00873
YKL086W_W303,P36077
YKL085W_W303,P17505
YKL084W_W303,P36078
YKL082C_W303,P36080
YKL081W_W303,P36008
YKL080W_W303,P31412
YKL079W_W303,P32364
YKL078W_W303,P36009
YKL077W_W303,P36081
YKL075C_W303,P36083
YKL074C_W303,P36084
YKL073W_W303,P36016
YKL072W_W303,P36085
YIR039C_W303,P40583
YIR038C_W303,P40582
YIR037W_W303,P40581
YIR036C_W303,P40580
YIR035C_W303,P40579
YIR034C_W303,P38998
YIR033W_W303,P40578
YIR032C_W303,P32459
YIR031C_W303,P21826
YIR030C_W303,P32460
YIR029W_W303,P25335
YIR028W_W303,Q04895
YIR027C_W303,P32375
YIR026C_W303,Q02256
YIR025W_W303,P40577
YIR024C_W303,P40576
YIR023W_W303,P21657
YIR022W_W303,P15367
YIR021W_W303,P07266
YIR020C_W303,P40575
YFL056C_W303,P43547
YFL055W_W303,P43548
YFL054C_W303,P43549
YFL053W_W303,P43550
YFL052W_W303,P43551
YFL051C_W303,P43552
YFL050C_W303,P43553
YFL049W_W303,P43554
YFL048C_W303,P43555
YFL047W_W303,P43556
YFL046W_W303,P43557
YFL045C_W303,P07283
YFL044C_W303,P43558
YFL042C_W303,P43560
YFL041W_W303,P43561
YFL040W_W303,P43562
YFL039C_W303,P60010
YFL038C_W303,P01123
YFL037W_W303,P02557
YFL036W_W303,P13433
YFL034C-B_W303,P43563
YFL034W_W303,P43564
YFL033C_W303,P43565
YFL031W_W303,P41546
YFL030W_W303,P43567
YFL029C_W303,P43568
YFL028C_W303,P43569
YFL027C_W303,P43570
YFL026W_W303,D6VTK4
YFL025C_W303,P43571
YFL024C_W303,P43572
YFL023W_W303,P43573
YFL022C_W303,P15625
YFL021W_W303,P43574
YPL275W_W303,P0CF35
YPL274W_W303,Q08986
YPL273W_W303,Q08985
YPL272C_W303,Q08984
YPL270W_W303,P33311
YPL269W_W303,P32526
YPL268W_W303,P32383
YPL267W_W303,Q08981
YPL266W_W303,P41819
YPL265W_W303,P53388
YPL264C_W303,Q08980
YPL263C_W303,Q08979
YPL262W_W303,P08417
YPL261C_W303,Q08976
YPL260W_W303,Q08977
YPL259C_W303,Q00776
YPL258C_W303,Q08975
YER187W_W303,P40102
YER186C_W303,P40101
YER185W_W303,P40100
YER184C_W303,P39961
YER183C_W303,P40099
YER182W_W303,P40098
YER181C_W303,P40097
YER180C_W303,P32645
YER179W_W303,P25453
YER178W_W303,P16387
YER177W_W303,P29311
YER176W_W303,P32644
YER175C_W303,P32643
YER174C_W303,P32642
YER173W_W303,P32641
YER172C_W303,P32639
YER171W_W303,P06839
YER170W_W303,P26364
YER169W_W303,P39956
YER168C_W303,P21269
YER167W_W303,P33306
YER166W_W303,P32660
YER165W_W303,P04147
YER164W_W303,P32657
YER163C_W303,P32656
YER162C_W303,P14736
YER161C_W303,P06843
YLR257W_W303,Q06146
YLR258W_W303,P27472
YLR259C_W303,P19882
YLR260W_W303,Q06147
YLR262C_W303,Q99260
YLR263W_W303,P14291
YLR265C_W303,Q06148
YLR266C_W303,Q06149
YLR267W_W303,Q06150
YLR268W_W303,P22214
YLR270W_W303,Q06151
YLR271W_W303,Q06152
YLR272C_W303,Q06156
YLR273C_W303,Q06216
YLR274W_W303,P29496
YLR275W_W303,Q06217
YLR276C_W303,Q06218
YLR277C_W303,Q06224
YLR278C_W303,Q05854
YLR281C_W303,Q05863
YLR283W_W303,Q05867
YLR284C_W303,Q05871
YLR285W_W303,Q05874
YLR286C_W303,P29029
YLR287C_W303,Q05881
YLR287C-A_W303,P0CX33
YLR288C_W303,Q02574
YLR289W_W303,P46943
YLR290C_W303,Q05892
YLR291C_W303,P32502
YLR292C_W303,P39742
YLR293C_W303,P32835
YLR295C_W303,Q12349
YLR296W_W303,Q05898
YLR297W_W303,Q05899
YLR298C_W303,Q05900
YLR299W_W303,Q05902
YLR300W_W303,P23776
YLR301W_W303,Q05905
YHR181W_W303,P38869
YHR182W_W303,P38870
YHR183W_W303,P38720
YHR184W_W303,P38871
YHR185C_W303,P38872
YHR186C_W303,P38873
YHR187W_W303,P38874
YHR188C_W303,P38875
YHR189W_W303,P38876
YHR190W_W303,P29704
YHR191C_W303,P38877
YHR192W_W303,P38878
YHR193C_W303,P38879
YHR194W_W303,P38880
YHR195W_W303,P38881
YHR196W_W303,P38882
YHR197W_W303,P38883
YHR198C_W303,P38884
YHR199C_W303,P38885
YHR200W_W303,P38886
YHR201C_W303,P38698
YHR202W_W303,P38887
YHR204W_W303,P38888
YHR205W_W303,P11792
YHR206W_W303,P38889
YHR207C_W303,P38890
YHR208W_W303,P38891
YHR209W_W303,P38892
YHR210C_W303,P38893
YDR171W_W303,Q12329
YDR172W_W303,P05453
YDR173C_W303,P07250
YDR174W_W303,Q03973
YDR175C_W303,Q03976
YDR176W_W303,P32494
YDR177W_W303,P21734
YDR178W_W303,P37298
YDR179C_W303,Q03981
YDR179W-A_W303,Q03983
YDR180W_W303,Q04002
YDR181C_W303,Q04003
YDR182W_W303,P40986
YDR183W_W303,Q04004
YDR184C_W303,Q04005
YDR185C_W303,Q04006
YDR186C_W303,Q04007
YDR188W_W303,P39079
YDR189W_W303,P22213
YDR190C_W303,Q03940
YDR191W_W303,P53688
YDR192C_W303,P49686
YDR194C_W303,P15424
YDR195W_W303,P42073
YDR197W_W303,P14905
YDR198C_W303,Q03942
YDR200C_W303,Q03944
YDR201W_W303,Q03954
YDR202C_W303,Q03956
YDR204W_W303,O13525
YDR205W_W303,Q03455
YDR206W_W303,Q03466
YDR207C_W303,P39001
YDR208W_W303,P38994
YDR209C_W303,Q03480
YLR256W_W303,P0CE41
YLR255C_W303,O13574
YLR254C_W303,Q06568
YLR253W_W303,Q06567
YLR251W_W303,Q06563
YLR250W_W303,P39931
YLR249W_W303,P16521
YLR248W_W303,P38623
YLR247C_W303,Q06554
YLR246W_W303,Q06551
YLR245C_W303,Q06549
YLR244C_W303,Q01662
YLR243W_W303,Q06543
YLR242C_W303,Q06541
YLR241W_W303,Q06538
YLR240W_W303,P22543
YLR239C_W303,Q06005
YLR238W_W303,Q06001
YJR056C_W303,P47115
YJR057W_W303,P00572
YJR058C_W303,Q00381
YJR059W_W303,P47116
YJR060W_W303,P17106
YJR061W_W303,P40355
YJR062C_W303,P40354
YJR063W_W303,P32529
YJR064W_W303,P40413
YJR065C_W303,P47117
YJR066W_W303,P35169
YJR067C_W303,P47118
YJR068W_W303,P40348
YJR069C_W303,P47119
YJR070C_W303,P47120
YJR072C_W303,P47122
YJR073C_W303,P05375
YJR074W_W303,P47123
YJR075W_W303,P47124
YJR076C_W303,P32458
YJR077C_W303,P23641
YJR078W_W303,P47125
YJR080C_W303,P47127
YJR082C_W303,P47128
YJR083C_W303,P47129
YJR084W_W303,P47130
YJR085C_W303,P47131
YJR086W_W303,P18852
YJR088C_W303,P47133
YJR089W_W303,P47134
YJR090C_W303,P24814
YJR091C_W303,P47135
YJR092W_W303,P47136
YJR093C_W303,P45976
YJR094C_W303,P21190
YJR094W-A_W303,P0CX26
YJR095W_W303,P33303
YJR096W_W303,P47137
YJR097W_W303,P47138
YJR098C_W303,P47139
YJR099W_W303,P35127
YJR100C_W303,P47140
YJR101W_W303,P47141
YJR102C_W303,P47142
YJR103W_W303,P38627
YJR104C_W303,P00445
YJR105W_W303,P47143
YJR106W_W303,P47144
YJR107W_W303,P47145
YJR107C-A_W303,P0CT86
YJR108W_W303,P47146
YJR109C_W303,P03965
YJR110W_W303,P47147
YJR111C_W303,P47148
YJR112W_W303,P47149
YJR113C_W303,P47150
YJR115W_W303,P47152
YJR116W_W303,P47153
YJR117W_W303,P47154
YJR118C_W303,P47155
YJR119C_W303,P47156
YJR120W_W303,P47157
YJR121W_W303,P00830
YJR122W_W303,P47158
YJR123W_W303,P26783
YJR124C_W303,P47159
YJR125C_W303,P47160
YJR126C_W303,P47161
YJR127C_W303,P46974
YJR128W_W303,P47162
YJR129C_W303,P47163
YJR130C_W303,P47164
YJR131W_W303,P32906
YJR132W_W303,P46970
YJR133W_W303,P47165
YJR134C_W303,P47166
YJR135C_W303,P47167
YJR136C_W303,P47168
YJR137C_W303,P47169
YJR138W_W303,P47170
YJR139C_W303,P31116
YJR140C_W303,P47171
YJR141W_W303,P47172
YJR142W_W303,P47173
YJR143C_W303,P46971
YJR144W_W303,P32787
YHR067W_W303,P38790
YHR068W_W303,P38791
YHR069C_W303,P38792
YHR070W_W303,P38793
YHR071W_W303,P38794
YHR072W_W303,P38604
YHR073W_W303,P38713
YHR074W_W303,P38795
YHR075C_W303,P38796
YHR076W_W303,P38797
YHR077C_W303,P38798
YHR078W_W303,P38799
YHR079C_W303,P32361
YHR080C_W303,P38800
YHR081W_W303,P38801
YHR082C_W303,P38691
YHR083W_W303,P14693
YHR084W_W303,P13574
YHR085W_W303,P38803
YHR086W_W303,Q00539
YHR087W_W303,P38804
YHR088W_W303,P38805
YHR089C_W303,P28007
YHR090C_W303,P38806
YHR091C_W303,P38714
YHR092C_W303,P32467
YPR147C_W303,Q06522
YPR148C_W303,Q06523
YPR149W_W303,Q12207
YPR151C_W303,Q06524
YPR152C_W303,Q06525
YPR153W_W303,Q06537
YPR155C_W303,Q12374
YDR451C_W303,Q04116
YDR452W_W303,Q04119
YDR453C_W303,Q04120
YDR454C_W303,P15454
YDR456W_W303,Q04121
YDR457W_W303,Q03280
YDR458C_W303,Q03281
YDR459C_W303,Q03289
YDR460W_W303,Q03290
YDR462W_W303,P36527
YDR463W_W303,Q00947
YDR464W_W303,P38904
YDR465C_W303,Q03305
YDR466W_W303,Q03306
YDR468C_W303,Q03322
YDR469W_W303,Q03323
YDR470C_W303,Q03327
YDR471W_W303,P0C2H7
YDR472W_W303,Q03337
YDR473C_W303,Q03338
YDR475C_W303,Q03361
YDR476C_W303,Q03362
YDR477W_W303,P06782
YDR478W_W303,P40993
YDR479C_W303,Q03370
YDR480W_W303,Q03373
YDR481C_W303,P11491
YDR482C_W303,Q03375
YDR483W_W303,P27809
YDR484W_W303,P39904
YDR485C_W303,Q03388
YDR486C_W303,Q03390
YDR487C_W303,Q99258
YDR488C_W303,P40960
YDR489W_W303,Q03406
YDR490C_W303,Q03407
YDR492W_W303,Q03419
YDR493W_W303,Q03429
YDR494W_W303,Q03430
YDR495C_W303,P23643
YDR496C_W303,Q04373
YDR497C_W303,P30605
YDR498C_W303,P28791
YDR499W_W303,Q04377
YDR500C_W303,P51402
YDR501W_W303,Q04383
YDR502C_W303,P19358
YDR503C_W303,Q04396
YDR504C_W303,Q04398
YDR505C_W303,P50896
YDR506C_W303,Q04399
YDR507C_W303,Q12263
YDR508C_W303,P48813
YDR510W_W303,Q12306
YDR511W_W303,Q04401
YDR512C_W303,Q04406
YDR514C_W303,Q04408
YDR515W_W303,Q12034
YDR516C_W303,Q04409
YDR517W_W303,Q04410
YDR518W_W303,P32474
YDR519W_W303,P32472
YDR520C_W303,Q04411
YDR522C_W303,P08459
YDR523C_W303,P08458
YDR524C_W303,Q04412
YDR525W_W303,Q04413
YDR527W_W303,Q04418
YDR528W_W303,Q04429
YDR529C_W303,P00128
YDR530C_W303,P22108
YDR531W_W303,Q04430
YDR532C_W303,Q04431
YDR533C_W303,Q04432
YDR536W_W303,P39932
YDR538W_W303,P33751
YDR539W_W303,Q03034
YDR540C_W303,Q03036
YDR541C_W303,Q03049
YAR023C_W303,D6VPM8
YBR058C_W303,P38237
YBR059C_W303,P38080
YBR060C_W303,P32833
YBR061C_W303,P38238
YBR062C_W303,P38239
YBR063C_W303,P38083
YBR065C_W303,P38241
YBR066C_W303,P38082
YBR067C_W303,P27654
YBR068C_W303,P38084
YBR069C_W303,P38085
YBR070C_W303,P38242
YBR071W_W303,P38243
YBR072W_W303,P15992
YBR073W_W303,P38086
YBR074W_W303,P38244
YBR076W_W303,P38246
YBR077C_W303,P38247
YBR078W_W303,P38248
YBR079C_W303,P38249
YBR080C_W303,P18759
YBR081C_W303,P35177
YBR082C_W303,P15731
YBR083W_W303,P18412
YBR084W_W303,P09440
YBR085W_W303,P18238
YBR086C_W303,P38250
YBR087W_W303,P38251
YBR088C_W303,P15873
YBR091C_W303,P32830
YNL033W_W303,P53964
YNL032W_W303,P53965
YNL030W_W303,P02309
YNL029C_W303,P53966
YNL027W_W303,P53968
YNL026W_W303,P53969
YNL025C_W303,P47821
YNL024C_W303,P53970
YNL023C_W303,P53971
YNL022C_W303,P53972
YNL021W_W303,P53973
YNL020C_W303,P53974
YCL068C_W303,P25593
YCL069W_W303,P25594
YHR015W_W303,P38760
YHR016C_W303,P32793
YHR017W_W303,P32792
YHR018C_W303,P04076
YHR019C_W303,P38707
YHR020W_W303,P38708
YHR022C_W303,P38763
YHR023W_W303,P08964
YHR024C_W303,P11914
YHR025W_W303,P17423
YHR026W_W303,P23968
YHR027C_W303,P38764
YHR028C_W303,P18962
YHR029C_W303,P38765
YHR030C_W303,Q00772
YHR031C_W303,P38766
YHR032W_W303,P38767
YHR033W_W303,P38690
YHR034C_W303,P38768
YHR035W_W303,P38769
YHR036W_W303,P38770
YHR037W_W303,P07275
YHR038W_W303,P38771
YHR039C_W303,P38694
YHR039C-A_W303,P48836
YHR040W_W303,P38772
YHR042W_W303,P16603
YHR043C_W303,P38773
YNR055C_W303,P53389
YNR056C_W303,P53744
YNR057C_W303,P53630
YNR058W_W303,P50277
YNR059W_W303,P53745
YNR060W_W303,P53746
YNR061C_W303,P53747
YNR062C_W303,P53748
YNR063W_W303,P53749
YNR064C_W303,P53750
YNR065C_W303,P53751
YMR320W_W303,Q04897
YMR319C_W303,P40988
YMR318C_W303,Q04894
YJR030C_W303,P47101
YJR031C_W303,P47102
YJR032W_W303,P47103
YJR033C_W303,P47104
YJR034W_W303,Q02772
YJR035W_W303,P40352
YJR036C_W303,P40985
YJR039W_W303,P47107
YJR040W_W303,P37020
YJR041C_W303,P47108
YJR042W_W303,P46673
YJR043C_W303,P47110
YJR044C_W303,P47111
YJR045C_W303,P0CS90
YJR046W_W303,P47112
YBR209W_W303,P38311
YBR207W_W303,P38310
YBR205W_W303,P38130
YBR204C_W303,P38139
YBR203W_W303,P38308
YBR202W_W303,P38132
YBR201W_W303,P38307
YBR200W_W303,P29366
YBR199W_W303,P38131
YBR198C_W303,P38129
YBR197C_W303,P38306
YBR196C_W303,P12709
YBR195C_W303,P13712
YBR194W_W303,P38305
YBR193C_W303,P38304
YBR192W_W303,P38127
YFR055W_W303,P43623
YFR054C_W303,P43622
YFR053C_W303,P04806
YFR052W_W303,P32496
YFR051C_W303,P43621
YFR050C_W303,P30657
YFR049W_W303,P19955
YFR048W_W303,P43620
YFR047C_W303,P43619
YFR046C_W303,P43618
YFR045W_W303,P43617
YFR044C_W303,P43616
YFR043C_W303,P43615
YFR042W_W303,P43614
YFR041C_W303,P43613
YFR040W_W303,P43612
YFR039C_W303,P43611
YFR038W_W303,P43610
YFR037C_W303,P43609
YFR036W_W303,P14724
YFR035C_W303,P43608
YFR034C_W303,P07270
YFR033C_W303,P00127
YFR032C_W303,P43607
YIL018W_W303,P0CX46
YFR031C_W303,P38989
YFR030W_W303,P39692
YFR029W_W303,P43606
YFR028C_W303,Q00684
YFR027W_W303,P43605
YFR026C_W303,P43604
YFR025C_W303,P38635
YFR023W_W303,P39684
YFR022W_W303,P43602
YFR021W_W303,P43601
YFR020W_W303,P43600
YFR019W_W303,P34756
YFR018C_W303,P43599
YFR017C_W303,P43598
YFR016C_W303,P43597
YFR015C_W303,P23337
YFR014C_W303,P27466
YFR013W_W303,P43596
YFR012W_W303,P43595
YFR011C_W303,P43594
YFR010W_W303,P43593
YFR009W_W303,P43535
YFR008W_W303,P43592
YFR007W_W303,P43591
YFR006W_W303,P43590
YFR005C_W303,P43589
YFR004W_W303,P43588
YFR003C_W303,P43587
YFR002W_W303,P34077
YFR001W_W303,P43586
YFL001W_W303,P31115
YFL002C_W303,P25808
YER049W_W303,P40032
YER051W_W303,P40034
YER052C_W303,P10869
YER053C_W303,P40035
YER054C_W303,P40036
YER055C_W303,P00498
YER056C_W303,P17064
YER057C_W303,P40037
YER058W_W303,Q02771
YER059W_W303,P40038
YER060W_W303,P40039
YER060W-A_W303,Q12119
YER061C_W303,P39525
YER062C_W303,P40106
YER063W_W303,P40040
YER064C_W303,P40041
YER065C_W303,P28240
YER066W_W303,P40042
YER066C-A_W303,P87263
YER068W_W303,P34909
YER069W_W303,Q01217
YER070W_W303,P21524
YER071C_W303,P40045
YER072W_W303,P40046
YER073W_W303,P40047
YER075C_W303,P40048
YER076C_W303,P40049
YER077C_W303,P40050
YER078C_W303,P40051
YER079W_W303,P40052
YER080W_W303,P40053
YER081W_W303,P40054
YER082C_W303,P40055
YER083C_W303,P40056
YER084W_W303,P40057
YER085C_W303,P40058
YER086W_W303,P00927
YER087W_W303,P39965
YER088C_W303,P40059
YER089C_W303,P39966
YER090W_W303,P00899
YER091C_W303,P05694
YER092W_W303,P40060
YER093C_W303,P40061
YER094C_W303,P25451
YER095W_W303,P25454
YER096W_W303,P39000
YLR036C_W303,Q07986
YHR005C_W303,P08539
YHR004C_W303,P38757
YHR003C_W303,P38756
YHR002W_W303,P38702
YHR001W_W303,P38755
YHL001W_W303,P38754
YHL002W_W303,P38753
YHL003C_W303,P38703
YHL004W_W303,P32902
YHL005C_W303,P38752
YHL006C_W303,P38751
YHL007C_W303,Q03497
YHL008C_W303,P38750
YHL009C_W303,P38749
YHL010C_W303,P38748
YHL011C_W303,P38689
YHL012W_W303,P38709
YHL013C_W303,P38747
YHL014C_W303,P38746
YHL015W_W303,P38701
YHL016C_W303,P33413
YHL017W_W303,P38745
YHL018W_W303,P38744
YHL019C_W303,P38700
YHL020C_W303,P21957
YHL021C_W303,P23180
YHL022C_W303,P23179
YHL023C_W303,P38742
YHL024W_W303,P38741
YHL025W_W303,P18888
YHL026C_W303,P38740
YHL027W_W303,P33400
YHL028W_W303,P38739
YHL029C_W303,P38738
YHL030W_W303,P38737
YHL031C_W303,P38736
YHL032C_W303,P32190
YHL033C_W303,P17076
YHL034C_W303,P10080
YHL035C_W303,P38735
YHL036W_W303,P38734
YHL037C_W303,P38733
YHL038C_W303,P03874
YHL039W_W303,P38732
YHL040C_W303,P38731
YHL041W_W303,P38730
YHL042W_W303,P38729
YHL043W_W303,P38728
YHL044W_W303,P38727
YHL045W_W303,P38726
YHL047C_W303,P38724
YGL183C_W303,P53102
YGL181W_W303,P40956
YGL180W_W303,P53104
YGL179C_W303,P43637
YGL178W_W303,P39016
YGL176C_W303,P46945
YGL175C_W303,P46946
YGL174W_W303,P46947
YGL173C_W303,P22147
YGL172W_W303,Q02199
YGL171W_W303,P45818
YGL170C_W303,P45819
YGL169W_W303,P32579
YGL167C_W303,P13586
YGL166W_W303,P15315
YGL164C_W303,P53107
YGL163C_W303,P32863
YGL162W_W303,P53032
YGL161C_W303,P53108
YGL160W_W303,P53109
YGL159W_W303,P53110
YGL158W_W303,P38622
YGL157W_W303,P53111
YGL156W_W303,P22855
YGL155W_W303,P18898
YGL154C_W303,P50113
YGL153W_W303,P53112
YGL151W_W303,P53114
YGL150C_W303,P53115
YGL149W_W303,P53116
YGL148W_W303,P28777
YGL146C_W303,P53117
YGL145W_W303,P33891
YGL144C_W303,P53118
YGL143C_W303,P30775
YGL142C_W303,P30777
YGL141W_W303,P53119
YGL140C_W303,P53120
YGL139W_W303,P53121
YGL138C_W303,P53122
YGL137W_W303,P41811
YGL136C_W303,P53123
YGL134W_W303,P53124
YGL133W_W303,P53125
YGL131C_W303,P53127
YGL130W_W303,Q01159
YGL129C_W303,Q01163
YGL128C_W303,P52868
YGL127C_W303,P38633
YGL126W_W303,P53012
YGL125W_W303,P53128
YGL124C_W303,P53129
YGL123W_W303,P25443
YGL122C_W303,P32505
YGL121C_W303,P53130
YGL120C_W303,P53131
YGL119W_W303,P27697
YGL118C_W303,P53132
YGL117W_W303,P53133
YGL116W_W303,P26309
YGL115W_W303,P12904
YGL114W_W303,P53134
YGL113W_W303,P53135
YGL112C_W303,P53040
YGL111W_W303,P53136
YGL110C_W303,P53137
YGL108C_W303,P53139
YGL107C_W303,P53140
YGL106W_W303,P53141
YGL105W_W303,P46672
YGL104C_W303,P53142
YGL103W_W303,P02406
YGL101W_W303,P53144
YGL100W_W303,P53011
YGL099W_W303,P53145
YGL098W_W303,P53146
YPR118W_W303,Q06489
YPR117W_W303,Q06116
YPR116W_W303,Q06109
YPR115W_W303,Q06108
YPR114W_W303,Q06107
YPR113W_W303,P06197
YPR112C_W303,Q06106
YPR111W_W303,P32328
YPR110C_W303,P07703
YPR109W_W303,Q06104
YPR108W_W303,Q06103
YPR107C_W303,Q06102
YPR106W_W303,Q06098
YPR105C_W303,Q06096
YPR104C_W303,P39521
YPR103W_W303,P30656
YPR102C_W303,P0C0W9
YPR101W_W303,Q06091
YPR100W_W303,Q06090
YPR098C_W303,Q06089
YPR097W_W303,Q06839
YPR096C_W303,O13587
YPR095C_W303,Q06836
YPR094W_W303,Q06835
YPR093C_W303,Q06834
YPR091C_W303,Q06833
YPR089W_W303,O13585
YPR088C_W303,P20424
YPR086W_W303,P29055
YPR085C_W303,Q06822
YPR084W_W303,Q06821
YPR083W_W303,Q06820
YPR082C_W303,Q06819
YPR081C_W303,Q06817
YPR080W_W303,P02994
YMR271C_W303,P30402
YMR270C_W303,P53437
YMR269W_W303,Q03525
YMR268C_W303,P49960
YMR267W_W303,P28239
YMR266W_W303,Q03516
YMR265C_W303,Q03508
YMR264W_W303,P38428
YMR263W_W303,P38429
YMR262W_W303,P38430
YMR261C_W303,P38426
YMR260C_W303,P38912
YMR259C_W303,Q03496
YMR258C_W303,Q04847
YMR257C_W303,P08468
YMR255W_W303,Q04839
YMR254C_W303,Q04838
YMR253C_W303,Q04835
YMR252C_W303,Q04814
YMR251W_W303,Q04806
YMR250W_W303,Q04792
YER133W_W303,P32598
YHR006W_W303,P38704
YHR007C_W303,P10614
YHR008C_W303,P00447
YHR009C_W303,P38758
YHR010W_W303,P0C2H6
YHR011W_W303,P38705
YHR012W_W303,P38759
YHR013C_W303,P07347
YHR014W_W303,P23624
YJR159W_W303,P35497
YJR160C_W303,P0CE00
YPL278C_W303,Q08990
YCL073C_W303,P25596
YAR033W_W303,P39552
YNL335W_W303,P0CH64
YNL334C_W303,P53823
YNL333W_W303,P53824
YLR161W_W303,P0CE98
YJR055W_W303,P46973
YHR065C_W303,P38712
YHR064C_W303,P38788
YHR063C_W303,P38787
YHR062C_W303,P38786
YHR061C_W303,P38785
YHR060W_W303,P38784
YHR059W_W303,P38783
YHR058C_W303,P38782
YHR057C_W303,P23285
YHR056C_W303,P38781
YHR054C_W303,P38780
YHR052W_W303,P38779
YHR051W_W303,P00427
YHR050W_W303,P38778
YHR049W_W303,P38777
YHR048W_W303,P38776
YHR047C_W303,P37898
YHR046C_W303,P38710
YHR045W_W303,P38775
YOR391C_W303,Q08914
YOR393W_W303,P0CX10
YIL082W_W303,Q99219
YPL220W_W303,P0CX43
YLR160C_W303,P0CX79
YMR106W-A_W303,P9WEJ3
